project,genome,file_accession,type,output_type,replicates,pipe
ENCSR647PJW,hg19,ENCFF757ODD,bed narrowPeak,optimal IDR thresholded peaks,"1, 2",ENCODE3
ENCSR421QXA,hg19,ENCFF086VOQ,bed narrowPeak,optimal IDR thresholded peaks,"1, 2",ENCODE3
ENCSR598TIR,hg19,ENCFF834WGJ,bed narrowPeak,optimal IDR thresholded peaks,"1, 2",ENCODE3
ENCSR760UVO,hg19,ENCFF844HBQ,bed narrowPeak,optimal IDR thresholded peaks,"1, 2",ENCODE3
ENCSR157CEN,hg19,ENCFF802CPZ,bed narrowPeak,optimal IDR thresholded peaks,"1, 2",ENCODE3
ENCSR000BLI,hg19,ENCFF917COW,bed narrowPeak,optimal IDR thresholded peaks,"1, 2",ENCODE3
ENCSR528PSI,hg19,ENCFF624SFC,bed narrowPeak,optimal IDR thresholded peaks,"1, 2",ENCODE3
ENCSR000ECX,hg19,ENCFF002CTC,bed narrowPeak,optimal IDR thresholded peaks,,Lab
ENCSR000ECY,hg19,ENCFF002CTA,bed narrowPeak,optimal IDR thresholded peaks,,Lab
ENCSR000EFY,hg19,ENCFF835KAT,bed narrowPeak,optimal IDR thresholded peaks,"1, 2",ENCODE3
ENCSR000EFV,hg19,ENCFF799HIG,bed narrowPeak,optimal IDR thresholded peaks,"1, 2",ENCODE3
ENCSR000BKQ,hg19,ENCFF076YZ,bed narrowPeak,optimal IDR thresholded peaks,"1, 2",ENCODE3
ENCSR000EDA,hg19,ENCFF002CSA,bed narrowPeak,optimal IDR thresholded peaks,,Lab
ENCSR000BGZ,hg19,ENCFF160WLU,bed narrowPeak,optimal IDR thresholded peaks,"1, 2",ENCODE3
ENCSR000BQK,hg19,ENCFF609KOY,bed narrowPeak,optimal IDR thresholded peaks,"1, 2",ENCODE3
ENCSR226QQM,hg19,ENCFF718ERC,bed narrowPeak,optimal IDR thresholded peaks,"1, 2",ENCODE3
ENCSR000AVA,hg19,ENCFF628RLE,bed narrowPeak,optimal IDR thresholded peaks,"1, 2",ENCODE3
ENCSR666QNP,hg19,ENCFF079MKQ,bed narrowPeak,optimal IDR thresholded peaks,"1, 2",ENCODE3
ENCSR031URL,hg19,ENCFF845GIK,bed narrowPeak,optimal IDR thresholded peaks,"1, 2",ENCODE3
ENCSR000EVR,hg19,ENCFF002CVA,bed narrowPeak,optimal IDR thresholded peaks,,Lab
ENCSR000BHD,hg19,ENCFF339KU,bed narrowPeak,optimal IDR thresholded peaks,"1, 2",ENCODE3
ENCSR000BQI,hg19,ENCFF471HC,bed narrowPeak,optimal IDR thresholded peaks,"1, 2",ENCODE3
ENCSR000BHU,hg19,ENCFF964JXI,bed narrowPeak,optimal IDR thresholded peaks,"1, 2",ENCODE3
ENCSR461ZJT,hg19,ENCFF545SII,bed narrowPeak,optimal IDR thresholded peaks,"1, 2",ENCODE3
ENCSR000BRI,hg19,ENCFF248QFF,bed narrowPeak,optimal IDR thresholded peaks,"1, 2",ENCODE3
ENCSR000DNZ,hg19,ENCFF002CVM,bed narrowPeak,optimal IDR thresholded peaks,,Lab
ENCSR015TKV,hg19,ENCFF052YIL,bed narrowPeak,optimal IDR thresholded peaks,"1, 2",ENCODE3
ENCSR985MYI,hg19,ENCFF852EYA,bed narrowPeak,optimal IDR thresholded peaks,"2, 3",ENCODE3
ENCSR072PWP,hg19,ENCFF103OOV,bed narrowPeak,optimal IDR thresholded peaks,"1, 2",ENCODE3
ENCSR109ODF,hg19,ENCFF902IMW,bed narrowPeak,optimal IDR thresholded peaks,"1, 2",ENCODE3
ENCSR000BNP,hg19,ENCFF967AC,bed narrowPeak,optimal IDR thresholded peaks,"1, 2",ENCODE3
ENCSR000BNK,hg19,ENCFF962FQM,bed narrowPeak,optimal IDR thresholded peaks,"1, 2",ENCODE3
ENCSR861JUQ,hg19,ENCFF980KSV,bed narrowPeak,optimal IDR thresholded peaks,"1, 2",ENCODE3
ENCSR000EEE,hg19,ENCFF319IEF,bed narrowPeak,optimal IDR thresholded peaks,"1, 2",ENCODE3
ENCSR000DZI,hg19,ENCFF079ZWK,bed narrowPeak,optimal IDR thresholded peaks,"1, 2",ENCODE3
ENCSR000EGM,hg19,ENCFF738TKN,bed narrowPeak,optimal IDR thresholded peaks,"1, 2",ENCODE3
ENCSR492LTS,hg19,ENCFF462CPT,bed narrowPeak,optimal IDR thresholded peaks,"1, 2",ENCODE3
ENCSR785UCD,hg19,ENCFF806GXB,bed narrowPeak,optimal IDR thresholded peaks,"1, 2",ENCODE3
ENCSR000DNY,hg19,ENCFF002CTL,bed narrowPeak,optimal IDR thresholded peaks,,Lab
ENCSR000DZO,hg19,ENCFF931XAL,bed narrowPeak,optimal IDR thresholded peaks,"1, 2",ENCODE3
ENCSR000EVN,hg19,ENCFF002CTM,bed narrowPeak,optimal IDR thresholded peaks,,Lab
ENCSR000EUN,hg19,ENCFF365JMJ,bed narrowPeak,optimal IDR thresholded peaks,"1, 2",ENCODE3
ENCSR485OYR,hg19,ENCFF362WU,bed narrowPeak,optimal IDR thresholded peaks,"1, 2",ENCODE3
ENCSR558OMR,hg19,ENCFF049ZOP,bed narrowPeak,optimal IDR thresholded peaks,"1, 2",ENCODE3
ENCSR372JXR,hg19,ENCFF390OIH,bed narrowPeak,optimal IDR thresholded peaks,"1, 2",ENCODE3
ENCSR315NNL,hg19,ENCFF602FRL,bed narrowPeak,optimal IDR thresholded peaks,"1, 3",ENCODE3
ENCSR712FAM,hg19,ENCFF579BT,bed narrowPeak,optimal IDR thresholded peaks,"1, 2",ENCODE3
ENCSR000EGZ,hg19,ENCFF970LCB,bed narrowPeak,optimal IDR thresholded peaks,"1, 2",ENCODE3
ENCSR000DYY,hg19,ENCFF433PFN,bed narrowPeak,optimal IDR thresholded peaks,"1, 2",ENCODE3
ENCSR949NVY,hg19,ENCFF708BTH,bed narrowPeak,optimal IDR thresholded peaks,"1, 2",ENCODE3
ENCSR000EBY,hg19,ENCFF569IGP,bed narrowPeak,optimal IDR thresholded peaks,"1, 2",ENCODE3
ENCSR000EEI,hg19,ENCFF085GOJ,bed narrowPeak,optimal IDR thresholded peaks,"1, 2",ENCODE3
ENCSR701AQS,hg19,ENCFF162RSN,bed narrowPeak,optimal IDR thresholded peaks,"1, 2",ENCODE3
ENCSR201GGK,hg19,ENCFF833TM,bed narrowPeak,optimal IDR thresholded peaks,"1, 2",ENCODE3
ENCSR000EVL,hg19,ENCFF002CSH,bed narrowPeak,optimal IDR thresholded peaks,,Lab
ENCSR720HUL,hg19,ENCFF106DAY,bed narrowPeak,optimal IDR thresholded peaks,"1, 2",ENCODE3
ENCSR125DAD,hg19,ENCFF522XCQ,bed narrowPeak,optimal IDR thresholded peaks,"1, 2",ENCODE3
ENCSR000DZD,hg19,ENCFF222XPQ,bed narrowPeak,optimal IDR thresholded peaks,"1, 2",ENCODE3
ENCSR516VQK,hg19,ENCFF768EYB,bed narrowPeak,optimal IDR thresholded peaks,"1, 2",ENCODE3
ENCSR898XMH,hg19,ENCFF396DNK,bed narrowPeak,optimal IDR thresholded peaks,"1, 2",ENCODE3
ENCSR000EUP,hg19,ENCFF668VNS,bed narrowPeak,optimal IDR thresholded peaks,"1, 2",ENCODE3
ENCSR000DZZ,hg19,ENCFF490VYC,bed narrowPeak,optimal IDR thresholded peaks,"1, 2",ENCODE3
ENCSR000BMV,hg19,ENCFF473GCH,bed narrowPeak,optimal IDR thresholded peaks,"1, 2",ENCODE3
ENCSR000BNI,hg19,ENCFF002ROJ,bed narrowPeak,optimal IDR thresholded peaks,"1, 2",ENCODE3
ENCSR000EVI,hg19,ENCFF002CSK,bed narrowPeak,optimal IDR thresholded peaks,,Lab
ENCSR000EFS,hg19,ENCFF629BFI,bed narrowPeak,optimal IDR thresholded peaks,"1, 2",ENCODE3
ENCSR030TJP,hg19,ENCFF526HLP,bed narrowPeak,optimal IDR thresholded peaks,"1, 2",ENCODE3
ENCSR000EVK,hg19,ENCFF002CSI,bed narrowPeak,optimal IDR thresholded peaks,,Lab
ENCSR171CAY,hg19,ENCFF310AGG,bed narrowPeak,optimal IDR thresholded peaks,"1, 2",ENCODE3
ENCSR000EFP,hg19,ENCFF706SJZ,bed narrowPeak,optimal IDR thresholded peaks,"1, 2",ENCODE3
ENCSR000EGR,hg19,ENCFF012VES,bed narrowPeak,optimal IDR thresholded peaks,"1, 2",ENCODE3
ENCSR000BHA,hg19,ENCFF468MFY,bed narrowPeak,optimal IDR thresholded peaks,"1, 2",ENCODE3
ENCSR000FAH,hg19,ENCFF002CWC,bed narrowPeak,optimal IDR thresholded peaks,,Lab
ENCSR000EVY,hg19,ENCFF591BIT,bed narrowPeak,optimal IDR thresholded peaks,"1, 2",ENCODE3
ENCSR000EEA,hg19,ENCFF933GHY,bed narrowPeak,optimal IDR thresholded peaks,"1, 2",ENCODE3
ENCSR854ORP,hg19,ENCFF512YNV,bed narrowPeak,optimal IDR thresholded peaks,"1, 2",ENCODE3
ENCSR000BRS,hg19,ENCFF255EOB,bed narrowPeak,optimal IDR thresholded peaks,"1, 2",ENCODE3
ENCSR000FAI,hg19,ENCFF002CVW,bed narrowPeak,optimal IDR thresholded peaks,,Lab
ENCSR512NLO,hg19,ENCFF567GSX,bed narrowPeak,optimal IDR thresholded peaks,"1, 2",ENCODE3
ENCSR000BJG,hg19,ENCFF940BIM,bed narrowPeak,optimal IDR thresholded peaks,"1, 2",ENCODE3
ENCSR332EYT,hg19,ENCFF817QHW,bed narrowPeak,optimal IDR thresholded peaks,"1, 2",ENCODE3
ENCSR000BQS,hg19,ENCFF677KJB,bed narrowPeak,optimal IDR thresholded peaks,"1, 2",ENCODE3
ENCSR000EEK,hg19,ENCFF121UYS,bed narrowPeak,optimal IDR thresholded peaks,"1, 2",ENCODE3
ENCSR618GDK,hg19,ENCFF925MHB,bed narrowPeak,optimal IDR thresholded peaks,"1, 4",ENCODE3
ENCSR417DKD,hg19,ENCFF839EPV,bed narrowPeak,optimal IDR thresholded peaks,"1, 2",ENCODE3
ENCSR882ERE,hg19,ENCFF163VUK,bed narrowPeak,optimal IDR thresholded peaks,"1, 2",ENCODE3
ENCSR000BHM,hg19,ENCFF453HP,bed narrowPeak,optimal IDR thresholded peaks,"1, 2",ENCODE3
ENCSR000DNQ,hg19,ENCFF310XJC,bed narrowPeak,optimal IDR thresholded peaks,"1, 2",ENCODE3
ENCSR000EDD,hg19,ENCFF002CTI,bed narrowPeak,optimal IDR thresholded peaks,,Lab
ENCSR000ECD,hg19,ENCFF749OBU,bed narrowPeak,optimal IDR thresholded peaks,"1, 2",ENCODE3
ENCSR241LIH,hg19,ENCFF076MSV,bed narrowPeak,optimal IDR thresholded peaks,"1, 2",ENCODE3
ENCSR813DCK,hg19,ENCFF632MB,bed narrowPeak,optimal IDR thresholded peaks,"1, 2",ENCODE3
ENCSR137ZMQ,hg19,ENCFF895QLA,bed narrowPeak,optimal IDR thresholded peaks,"1, 2",ENCODE3
ENCSR473SUA,hg19,ENCFF266ORV,bed narrowPeak,optimal IDR thresholded peaks,"1, 2",ENCODE3
ENCSR000EDC,hg19,ENCFF002CTH,bed narrowPeak,optimal IDR thresholded peaks,,Lab
ENCSR000BNE,hg19,ENCFF182QDI,bed narrowPeak,optimal IDR thresholded peaks,"1, 2",ENCODE3
ENCSR000BKT,hg19,ENCFF334FMW,bed narrowPeak,optimal IDR thresholded peaks,"1, 2",ENCODE3
ENCSR000EWG,hg19,ENCFF732HOE,bed narrowPeak,optimal IDR thresholded peaks,"1, 2",ENCODE3
ENCSR000BGX,hg19,ENCFF002CMM,bed narrowPeak,optimal IDR thresholded peaks,,Lab
ENCSR000ECW,hg19,ENCFF002CTN,bed narrowPeak,optimal IDR thresholded peaks,,Lab
ENCSR000DYI,hg19,ENCFF243NQJ,bed narrowPeak,optimal IDR thresholded peaks,"1, 2",ENCODE3
ENCSR000EEL,hg19,ENCFF584CNF,bed narrowPeak,optimal IDR thresholded peaks,"1, 2",ENCODE3
ENCSR557RVF,hg19,ENCFF195ODE,bed narrowPeak,optimal IDR thresholded peaks,"1, 3",ENCODE3
ENCSR000AKO,hg19,ENCFF002CEL,bed narrowPeak,optimal IDR thresholded peaks,,Lab
ENCSR000EGJ,hg19,ENCFF465JKF,bed narrowPeak,optimal IDR thresholded peaks,"1, 2",ENCODE3
ENCSR000BPJ,hg19,ENCFF085HTY,bed narrowPeak,optimal IDR thresholded peaks,"1, 2",ENCODE3
ENCSR407BEZ,hg19,ENCFF974OIC,bed narrowPeak,optimal IDR thresholded peaks,"1, 2",ENCODE3
ENCSR000DWH,hg19,ENCFF414FWV,bed narrowPeak,optimal IDR thresholded peaks,"1, 2",ENCODE3
ENCSR000BKP,hg19,ENCFF073PCP,bed narrowPeak,optimal IDR thresholded peaks,"1, 2",ENCODE3
ENCSR000EWM,hg19,ENCFF659WGE,bed narrowPeak,optimal IDR thresholded peaks,"1, 2",ENCODE3
ENCSR000BGR,hg19,ENCFF717IXP,bed narrowPeak,optimal IDR thresholded peaks,"1, 2",ENCODE3
ENCSR000EZD,hg19,ENCFF950LQM,bed narrowPeak,optimal IDR thresholded peaks,"1, 2",ENCODE3
ENCSR000BJX,hg19,ENCFF741WKY,bed narrowPeak,optimal IDR thresholded peaks,"1, 2",ENCODE3
ENCSR000EDO,hg19,ENCFF208AFB,bed narrowPeak,optimal IDR thresholded peaks,"1, 2",ENCODE3
ENCSR000EDU,hg19,ENCFF002CUL,bed narrowPeak,optimal IDR thresholded peaks,,Lab
ENCSR000EBS,hg19,ENCFF646GCM,bed narrowPeak,optimal IDR thresholded peaks,"1, 2",ENCODE3
ENCSR000DZA,hg19,ENCFF066XDW,bed narrowPeak,optimal IDR thresholded peaks,"1, 2",ENCODE3
ENCSR000EVB,hg19,ENCFF002CRM,bed narrowPeak,optimal IDR thresholded peaks,,Lab
ENCSR000EDS,hg19,ENCFF922GR,bed narrowPeak,optimal IDR thresholded peaks,"1, 2",ENCODE3
ENCSR000EDQ,hg19,ENCFF706RIA,bed narrowPeak,optimal IDR thresholded peaks,"1, 2",ENCODE3
ENCSR998AJK,hg19,ENCFF493ABN,bed narrowPeak,optimal IDR thresholded peaks,"1, 2",ENCODE3
ENCSR000EDT,hg19,ENCFF108RWG,bed narrowPeak,optimal IDR thresholded peaks,"1, 2",ENCODE3
ENCSR000DZW,hg19,ENCFF402FYF,bed narrowPeak,optimal IDR thresholded peaks,"1, 2",ENCODE3
ENCSR000ECU,hg19,ENCFF002CST,bed narrowPeak,optimal IDR thresholded peaks,,Lab
ENCSR000BGU,hg19,ENCFF394DLH,bed narrowPeak,optimal IDR thresholded peaks,"1, 2",ENCODE3
ENCSR000AKB,hg19,ENCFF833FTF,bed narrowPeak,optimal IDR thresholded peaks,"1, 2",ENCODE3
ENCSR000EHE,hg19,ENCFF429XKT,bed narrowPeak,optimal IDR thresholded peaks,"1, 2",ENCODE3
ENCSR000ECK,hg19,ENCFF405BKG,bed narrowPeak,optimal IDR thresholded peaks,"1, 2",ENCODE3
ENCSR000BKB,hg19,ENCFF328QLX,bed narrowPeak,optimal IDR thresholded peaks,"1, 2",ENCODE3
ENCSR076YPO,hg19,ENCFF972LPT,bed narrowPeak,optimal IDR thresholded peaks,"1, 2",ENCODE3
ENCSR000EGC,hg19,ENCFF484CK,bed narrowPeak,optimal IDR thresholded peaks,"1, 2",ENCODE3
ENCSR000BLE,hg19,ENCFF553PWA,bed narrowPeak,optimal IDR thresholded peaks,"1, 2",ENCODE3
ENCSR000BNG,hg19,ENCFF261ZWR,bed narrowPeak,optimal IDR thresholded peaks,"1, 2",ENCODE3
ENCSR000BKK,hg19,ENCFF843SY,bed narrowPeak,optimal IDR thresholded peaks,"1, 2",ENCODE3
ENCSR000DNV,hg19,ENCFF002CRY,bed narrowPeak,optimal IDR thresholded peaks,,Lab
ENCSR000EDP,hg19,ENCFF514OYL,bed narrowPeak,optimal IDR thresholded peaks,"1, 2",ENCODE3
ENCSR000DMJ,hg19,ENCFF021KDL,bed narrowPeak,optimal IDR thresholded peaks,"1, 2",ENCODE3
ENCSR000BUA,hg19,ENCFF654KAP,bed narrowPeak,optimal IDR thresholded peaks,"1, 2",ENCODE3
ENCSR000DPF,hg19,ENCFF944VAE,bed narrowPeak,optimal IDR thresholded peaks,"1, 2",ENCODE3
ENCSR000BOT,hg19,ENCFF854KPC,bed narrowPeak,optimal IDR thresholded peaks,"1, 2",ENCODE3
ENCSR000BHS,hg19,ENCFF793BV,bed narrowPeak,optimal IDR thresholded peaks,"1, 2",ENCODE3
ENCSR000DJW,hg19,ENCFF030QEM,bed narrowPeak,optimal IDR thresholded peaks,"1, 2",ENCODE3
ENCSR000DMO,hg19,ENCFF372SHI,bed narrowPeak,optimal IDR thresholded peaks,"1, 2",ENCODE3
ENCSR000EGP,hg19,ENCFF114IWY,bed narrowPeak,optimal IDR thresholded peaks,"1, 2",ENCODE3
ENCSR000BRK,hg19,ENCFF209MQX,bed narrowPeak,optimal IDR thresholded peaks,"1, 2",ENCODE3
ENCSR000ECV,hg19,ENCFF002CSX,bed narrowPeak,optimal IDR thresholded peaks,,Lab
ENCSR000EDN,hg19,ENCFF421SEJ,bed narrowPeak,optimal IDR thresholded peaks,"1, 2",ENCODE3
ENCSR000DZX,hg19,ENCFF303TVZ,bed narrowPeak,optimal IDR thresholded peaks,"1, 2",ENCODE3
ENCSR000DZU,hg19,ENCFF372DRC,bed narrowPeak,optimal IDR thresholded peaks,"1, 2",ENCODE3
ENCSR000EWF,hg19,ENCFF557DSM,bed narrowPeak,optimal IDR thresholded peaks,"1, 2",ENCODE3
ENCSR000ECO,hg19,ENCFF002CTP,bed narrowPeak,optimal IDR thresholded peaks,,Lab
ENCSR000DMM,hg19,ENCFF682AWN,bed narrowPeak,optimal IDR thresholded peaks,"1, 2",ENCODE3
ENCSR000BNA,hg19,ENCFF557KGA,bed narrowPeak,optimal IDR thresholded peaks,"1, 2",ENCODE3
ENCSR000DYC,hg19,ENCFF502JK,bed narrowPeak,optimal IDR thresholded peaks,"1, 2",ENCODE3
ENCSR124BJR,hg19,ENCFF660VPM,bed narrowPeak,optimal IDR thresholded peaks,"1, 2",ENCODE3
ENCSR103SZL,hg19,ENCFF712NYW,bed narrowPeak,optimal IDR thresholded peaks,"1, 2",ENCODE3
ENCSR000EUY,hg19,ENCFF002CRP,bed narrowPeak,optimal IDR thresholded peaks,,Lab
ENCSR837EYC,hg19,ENCFF144PPR,bed narrowPeak,optimal IDR thresholded peaks,"1, 2",ENCODE3
ENCSR376WCJ,hg19,ENCFF384YDT,bed narrowPeak,optimal IDR thresholded peaks,"1, 3",ENCODE3
ENCSR000DYV,hg19,ENCFF689AXJ,bed narrowPeak,optimal IDR thresholded peaks,"1, 2",ENCODE3
ENCSR000DYP,hg19,ENCFF371OG,bed narrowPeak,optimal IDR thresholded peaks,"1, 2",ENCODE3
ENCSR000EFO,hg19,ENCFF517YCC,bed narrowPeak,optimal IDR thresholded peaks,"1, 2",ENCODE3
ENCSR626VUC,hg19,ENCFF760IFZ,bed narrowPeak,optimal IDR thresholded peaks,"1, 2",ENCODE3
ENCSR523XCR,hg19,ENCFF355ARZ,bed narrowPeak,optimal IDR thresholded peaks,"1, 3",ENCODE3
ENCSR638QHV,hg19,ENCFF502KHR,bed narrowPeak,optimal IDR thresholded peaks,"1, 2",ENCODE3
ENCSR974OFJ,hg19,ENCFF827ZLB,bed narrowPeak,optimal IDR thresholded peaks,"1, 2",ENCODE3
ENCSR000BLP,hg19,ENCFF422NGZ,bed narrowPeak,optimal IDR thresholded peaks,"1, 2",ENCODE3
ENCSR000EIC,hg19,ENCFF861DPF,bed narrowPeak,optimal IDR thresholded peaks,"1, 2",ENCODE3
ENCSR331HPA,hg19,ENCFF116EXQ,bed narrowPeak,optimal IDR thresholded peaks,"1, 2",ENCODE3
ENCSR488EES,hg19,ENCFF297BXM,bed narrowPeak,optimal IDR thresholded peaks,"1, 2",ENCODE3
ENCSR000BRW,hg19,ENCFF858QMI,bed narrowPeak,optimal IDR thresholded peaks,"1, 2",ENCODE3
ENCSR597VGC,hg19,ENCFF516AJC,bed narrowPeak,optimal IDR thresholded peaks,"1, 2",ENCODE3
ENCSR555PBN,hg19,ENCFF298VCE,bed narrowPeak,optimal IDR thresholded peaks,"1, 2",ENCODE3
ENCSR000EDH,hg19,ENCFF002CSP,bed narrowPeak,optimal IDR thresholded peaks,,Lab
ENCSR000DNN,hg19,ENCFF414JLN,bed narrowPeak,optimal IDR thresholded peaks,"1, 2",ENCODE3
ENCSR000BMD,hg19,ENCFF564WEB,bed narrowPeak,optimal IDR thresholded peaks,"1, 2",ENCODE3
ENCSR000BSK,hg19,ENCFF598ZLV,bed narrowPeak,optimal IDR thresholded peaks,"1, 2",ENCODE3
ENCSR000DMR,hg19,ENCFF176YNV,bed narrowPeak,optimal IDR thresholded peaks,"1, 2",ENCODE3
ENCSR618ICR,hg19,ENCFF319HLW,bed narrowPeak,optimal IDR thresholded peaks,"1, 2",ENCODE3
ENCSR897MYK,hg19,ENCFF315VQM,bed narrowPeak,optimal IDR thresholded peaks,"2, 3",ENCODE3
ENCSR945NFL,hg19,ENCFF617AHB,bed narrowPeak,optimal IDR thresholded peaks,"1, 2",ENCODE3
ENCSR851BNE,hg19,ENCFF613RNG,bed narrowPeak,optimal IDR thresholded peaks,"1, 2",ENCODE3
ENCSR000EWX,hg19,ENCFF002CZL,bed narrowPeak,optimal IDR thresholded peaks,,Lab
ENCSR000EGI,hg19,ENCFF308IXJ,bed narrowPeak,optimal IDR thresholded peaks,"1, 2",ENCODE3
ENCSR408JQO,hg19,ENCFF341HWZ,bed narrowPeak,optimal IDR thresholded peaks,"1, 2",ENCODE3
ENCSR064LJN,hg19,ENCFF053TBK,bed narrowPeak,optimal IDR thresholded peaks,"2, 3",ENCODE3
ENCSR000BRY,hg19,ENCFF002CJR,bed narrowPeak,optimal IDR thresholded peaks,,Lab
ENCSR000BJJ,hg19,ENCFF946MYA,bed narrowPeak,optimal IDR thresholded peaks,"1, 2",ENCODE3
ENCSR000BGI,hg19,ENCFF805GK,bed narrowPeak,optimal IDR thresholded peaks,"1, 2",ENCODE3
ENCSR000BJA,hg19,ENCFF220IXP,bed narrowPeak,optimal IDR thresholded peaks,"1, 2",ENCODE3
ENCSR000DNR,hg19,ENCFF002CSV,bed narrowPeak,optimal IDR thresholded peaks,,Lab
ENCSR302AWT,hg19,ENCFF248VHN,bed narrowPeak,optimal IDR thresholded peaks,"1, 2",ENCODE3
ENCSR000DYS,hg19,ENCFF556PIY,bed narrowPeak,optimal IDR thresholded peaks,"1, 2",ENCODE3
ENCSR000EIA,hg19,ENCFF265QRY,bed narrowPeak,optimal IDR thresholded peaks,"1, 2",ENCODE3
ENCSR000EEC,hg19,ENCFF684ASX,bed narrowPeak,optimal IDR thresholded peaks,"1, 2",ENCODE3
ENCSR000EFT,hg19,ENCFF632NQI,bed narrowPeak,optimal IDR thresholded peaks,"1, 2",ENCODE3
ENCSR000DMQ,hg19,ENCFF695IQU,bed narrowPeak,optimal IDR thresholded peaks,"1, 2",ENCODE3
ENCSR000DYR,hg19,ENCFF721S,bed narrowPeak,optimal IDR thresholded peaks,"1, 2",ENCODE3
ENCSR000ECB,hg19,ENCFF629MBV,bed narrowPeak,optimal IDR thresholded peaks,"1, 2",ENCODE3
ENCSR000EYV,hg19,ENCFF002COV,bed narrowPeak,optimal IDR thresholded peaks,,Lab
ENCSR000EBQ,hg19,ENCFF977MDK,bed narrowPeak,optimal IDR thresholded peaks,"1, 2",ENCODE3
ENCSR948QLZ,hg19,ENCFF484DKT,bed narrowPeak,optimal IDR thresholded peaks,"1, 2",ENCODE3
ENCSR000BGM,hg19,ENCFF684BLN,bed narrowPeak,optimal IDR thresholded peaks,"1, 2",ENCODE3
ENCSR000EFZ,hg19,ENCFF671DOL,bed narrowPeak,optimal IDR thresholded peaks,"1, 2",ENCODE3
ENCSR000EVE,hg19,ENCFF002CTK,bed narrowPeak,optimal IDR thresholded peaks,,Lab
ENCSR000ECL,hg19,ENCFF002CSS,bed narrowPeak,optimal IDR thresholded peaks,,Lab
ENCSR000BIV,hg19,ENCFF725L,bed narrowPeak,optimal IDR thresholded peaks,"1, 2",ENCODE3
ENCSR707IUN,hg19,ENCFF712LMP,bed narrowPeak,optimal IDR thresholded peaks,"1, 2",ENCODE3
ENCSR928API,hg19,ENCFF507RHE,bed narrowPeak,optimal IDR thresholded peaks,"2, 3",ENCODE3
ENCSR062HDL,hg19,ENCFF836HHL,bed narrowPeak,optimal IDR thresholded peaks,"1, 2",ENCODE3
ENCSR788RSW,hg19,ENCFF241TBP,bed narrowPeak,optimal IDR thresholded peaks,"1, 2",ENCODE3
ENCSR000BGE,hg19,ENCFF199WG,bed narrowPeak,optimal IDR thresholded peaks,"1, 2",ENCODE3
ENCSR000EHA,hg19,ENCFF380FJL,bed narrowPeak,optimal IDR thresholded peaks,"1, 2",ENCODE3
ENCSR000BMW,hg19,ENCFF558VPP,bed narrowPeak,optimal IDR thresholded peaks,"1, 2",ENCODE3
ENCSR508DQA,hg19,ENCFF492GXZ,bed narrowPeak,optimal IDR thresholded peaks,"1, 2",ENCODE3
ENCSR636YLV,hg19,ENCFF288UUU,bed narrowPeak,optimal IDR thresholded peaks,"2, 3",ENCODE3
ENCSR907JPB,hg19,ENCFF597DIY,bed narrowPeak,optimal IDR thresholded peaks,"1, 2",ENCODE3
ENCSR541WQI,hg19,ENCFF530ZTE,bed narrowPeak,optimal IDR thresholded peaks,"2, 3",ENCODE3
ENCSR041AXL,hg19,ENCFF237UAN,bed narrowPeak,optimal IDR thresholded peaks,"1, 2",ENCODE3
ENCSR138FUZ,hg19,ENCFF987VNY,bed narrowPeak,optimal IDR thresholded peaks,"1, 2",ENCODE3
ENCSR695EQB,hg19,ENCFF340PPI,bed narrowPeak,optimal IDR thresholded peaks,"1, 2",ENCODE3
ENCSR126YEB,hg19,ENCFF596OJV,bed narrowPeak,optimal IDR thresholded peaks,"1, 2",ENCODE3
ENCSR954WVZ,hg19,ENCFF044NEB,bed narrowPeak,optimal IDR thresholded peaks,"1, 2",ENCODE3
ENCSR189PYJ,hg19,ENCFF011KRN,bed narrowPeak,optimal IDR thresholded peaks,"1, 2",ENCODE3
ENCSR157CAU,hg19,ENCFF614VFL,bed narrowPeak,optimal IDR thresholded peaks,"1, 3",ENCODE3
ENCSR782WRO,hg19,ENCFF048OIZ,bed narrowPeak,optimal IDR thresholded peaks,"1, 2",ENCODE3
ENCSR584GHV,hg19,ENCFF654YPN,bed narrowPeak,optimal IDR thresholded peaks,"1, 2",ENCODE3
ENCSR286PCG,hg19,ENCFF253FON,bed narrowPeak,optimal IDR thresholded peaks,"1, 2",ENCODE3
ENCSR638QYO,hg19,ENCFF849UJR,bed narrowPeak,optimal IDR thresholded peaks,"2, 3",ENCODE3
ENCSR038DJJ,hg19,ENCFF315YAF,bed narrowPeak,optimal IDR thresholded peaks,"1, 2",ENCODE3
ENCSR996DUT,hg19,ENCFF708LCH,bed narrowPeak,optimal IDR thresholded peaks,"1, 2",ENCODE3
ENCSR486IFJ,hg19,ENCFF213EPU,bed narrowPeak,optimal IDR thresholded peaks,"1, 2",ENCODE3
ENCSR000BIR,hg19,ENCFF317TBZ,bed narrowPeak,optimal IDR thresholded peaks,"1, 2",ENCODE3
ENCSR986CDX,hg19,ENCFF581YKY,bed narrowPeak,optimal IDR thresholded peaks,"1, 2",ENCODE3
ENCSR000BHP,hg19,ENCFF395KPJ,bed narrowPeak,optimal IDR thresholded peaks,"1, 2",ENCODE3
ENCSR000DZN,hg19,ENCFF710VEH,bed narrowPeak,optimal IDR thresholded peaks,"1, 2",ENCODE3
ENCSR000BLW,hg19,ENCFF547POU,bed narrowPeak,optimal IDR thresholded peaks,"1, 2",ENCODE3
ENCSR887MXT,hg19,ENCFF708OJJ,bed narrowPeak,optimal IDR thresholded peaks,"1, 2",ENCODE3
ENCSR000BGT,hg19,ENCFF593FBF,bed narrowPeak,optimal IDR thresholded peaks,"1, 2",ENCODE3
ENCSR000BNU,hg19,ENCFF475TQE,bed narrowPeak,optimal IDR thresholded peaks,"1, 2",ENCODE3
ENCSR000BKU,hg19,ENCFF926FUM,bed narrowPeak,optimal IDR thresholded peaks,"1, 2",ENCODE3
ENCSR000EGQ,hg19,ENCFF113PMT,bed narrowPeak,optimal IDR thresholded peaks,"1, 2",ENCODE3
ENCSR000BID,hg19,ENCFF028BDC,bed narrowPeak,optimal IDR thresholded peaks,"1, 2",ENCODE3
ENCSR991ELG,hg19,ENCFF300XUA,bed narrowPeak,optimal IDR thresholded peaks,"1, 2",ENCODE3
ENCSR000DOC,hg19,ENCFF002CVS,bed narrowPeak,optimal IDR thresholded peaks,,Lab
ENCSR663ZZZ,hg19,ENCFF628SB,bed narrowPeak,optimal IDR thresholded peaks,"1, 2",ENCODE3
ENCSR681NOM,hg19,ENCFF761MGJ,bed narrowPeak,optimal IDR thresholded peaks,"1, 2",ENCODE3
ENCSR000FCD,hg19,ENCFF178MOP,bed narrowPeak,optimal IDR thresholded peaks,"1, 2",ENCODE3
ENCSR623KNM,hg19,ENCFF282AEY,bed narrowPeak,optimal IDR thresholded peaks,"1, 3",ENCODE3
ENCSR000EVF,hg19,ENCFF002CTJ,bed narrowPeak,optimal IDR thresholded peaks,,Lab
ENCSR000EGV,hg19,ENCFF179NDS,bed narrowPeak,optimal IDR thresholded peaks,"1, 2",ENCODE3
ENCSR000DMA,hg19,ENCFF002DB,bed narrowPeak,optimal IDR thresholded peaks,,Lab
ENCSR000ECC,hg19,ENCFF508IBP,bed narrowPeak,optimal IDR thresholded peaks,"1, 2",ENCODE3
ENCSR000ECA,hg19,ENCFF402ELS,bed narrowPeak,optimal IDR thresholded peaks,"1, 2",ENCODE3
ENCSR000BMO,hg19,ENCFF978IWS,bed narrowPeak,optimal IDR thresholded peaks,"1, 2",ENCODE3
ENCSR000BIE,hg19,ENCFF237OK,bed narrowPeak,optimal IDR thresholded peaks,"1, 2",ENCODE3
ENCSR494TDU,hg19,ENCFF992QZV,bed narrowPeak,optimal IDR thresholded peaks,"1, 2",ENCODE3
ENCSR000DKV,hg19,ENCFF002DAJ,bed narrowPeak,optimal IDR thresholded peaks,,Lab
ENCSR000DZF,hg19,ENCFF083KVY,bed narrowPeak,optimal IDR thresholded peaks,"1, 2",ENCODE3
ENCSR000EVG,hg19,ENCFF002CTQ,bed narrowPeak,optimal IDR thresholded peaks,,Lab
ENCSR000BGY,hg19,ENCFF391DVL,bed narrowPeak,optimal IDR thresholded peaks,"1, 2",ENCODE3
ENCSR000EZE,hg19,ENCFF002CSB,bed narrowPeak,optimal IDR thresholded peaks,,Lab
ENCSR000DZV,hg19,ENCFF014RBU,bed narrowPeak,optimal IDR thresholded peaks,"1, 2",ENCODE3
ENCSR000DML,hg19,ENCFF002DBL,bed narrowPeak,optimal IDR thresholded peaks,,Lab
ENCSR000BLO,hg19,ENCFF833FC,bed narrowPeak,optimal IDR thresholded peaks,"1, 2",ENCODE3
ENCSR000DKU,hg19,ENCFF002DAI,bed narrowPeak,optimal IDR thresholded peaks,,Lab
ENCSR176EXN,hg19,ENCFF314KRZ,bed narrowPeak,optimal IDR thresholded peaks,"1, 2",ENCODE3
ENCSR924TVL,hg19,ENCFF949QZ,bed narrowPeak,optimal IDR thresholded peaks,"1, 2",ENCODE3
ENCSR000DZG,hg19,ENCFF462GH,bed narrowPeak,optimal IDR thresholded peaks,"1, 2",ENCODE3
ENCSR000EUZ,hg19,ENCFF721FYE,bed narrowPeak,optimal IDR thresholded peaks,"1, 2",ENCODE3
ENCSR000BLF,hg19,ENCFF884JKW,bed narrowPeak,optimal IDR thresholded peaks,"1, 2",ENCODE3
ENCSR414TYY,hg19,ENCFF573DRR,bed narrowPeak,optimal IDR thresholded peaks,"1, 2",ENCODE3
ENCSR000EHG,hg19,ENCFF150VT,bed narrowPeak,optimal IDR thresholded peaks,"1, 2",ENCODE3
ENCSR681WHQ,hg19,ENCFF244ORA,bed narrowPeak,optimal IDR thresholded peaks,"1, 2",ENCODE3
ENCSR000EYZ,hg19,ENCFF002COM,bed narrowPeak,optimal IDR thresholded peaks,,Lab
ENCSR000FAF,hg19,ENCFF002CXH,bed narrowPeak,optimal IDR thresholded peaks,,Lab
ENCSR000EGN,hg19,ENCFF337DKJ,bed narrowPeak,optimal IDR thresholded peaks,"1, 2",ENCODE3
ENCSR000ECI,hg19,ENCFF002CSJ,bed narrowPeak,optimal IDR thresholded peaks,,Lab
ENCSR000DLS,hg19,ENCFF002DAX,bed narrowPeak,optimal IDR thresholded peaks,,Lab
ENCSR000EDZ,hg19,ENCFF800XTT,bed narrowPeak,optimal IDR thresholded peaks,"1, 2",ENCODE3
ENCSR000DMV,hg19,ENCFF002DBM,bed narrowPeak,optimal IDR thresholded peaks,,Lab
ENCSR000BJD,hg19,ENCFF461FGJ,bed narrowPeak,optimal IDR thresholded peaks,"1, 2",ENCODE3
ENCSR000EWE,hg19,ENCFF836LBG,bed narrowPeak,optimal IDR thresholded peaks,"1, 2",ENCODE3
ENCSR000EWH,hg19,ENCFF594LCH,bed narrowPeak,optimal IDR thresholded peaks,"1, 2",ENCODE3
ENCSR000EVJ,hg19,ENCFF002CSG,bed narrowPeak,optimal IDR thresholded peaks,,Lab
ENCSR000BND,hg19,ENCFF997NGJ,bed narrowPeak,optimal IDR thresholded peaks,"1, 2",ENCODE3
ENCSR000BJL,hg19,ENCFF153JLK,bed narrowPeak,optimal IDR thresholded peaks,"1, 2",ENCODE3
ENCSR000BJK,hg19,ENCFF065EPE,bed narrowPeak,optimal IDR thresholded peaks,"1, 2",ENCODE3
ENCSR000DZB,hg19,ENCFF556JBS,bed narrowPeak,optimal IDR thresholded peaks,"1, 2",ENCODE3
ENCSR000BKA,hg19,ENCFF332PGQ,bed narrowPeak,optimal IDR thresholded peaks,"1, 2",ENCODE3
ENCSR000BMH,hg19,ENCFF328XKC,bed narrowPeak,optimal IDR thresholded peaks,"1, 2",ENCODE3
ENCSR000EEH,hg19,ENCFF972NIR,bed narrowPeak,optimal IDR thresholded peaks,"1, 2",ENCODE3
ENCSR000ECM,hg19,ENCFF002CSF,bed narrowPeak,optimal IDR thresholded peaks,,Lab
ENCSR000BHK,hg19,ENCFF002CHV,bed narrowPeak,optimal IDR thresholded peaks,,Lab
ENCSR000EBZ,hg19,ENCFF760AQQ,bed narrowPeak,optimal IDR thresholded peaks,"1, 2",ENCODE3
ENCSR000BOZ,hg19,ENCFF781PAL,bed narrowPeak,optimal IDR thresholded peaks,"1, 2",ENCODE3
ENCSR000BNQ,hg19,ENCFF625SHY,bed narrowPeak,optimal IDR thresholded peaks,"1, 2",ENCODE3
ENCSR000BHJ,hg19,ENCFF199FY,bed narrowPeak,optimal IDR thresholded peaks,"1, 2",ENCODE3
ENCSR000BIW,hg19,ENCFF894MNP,bed narrowPeak,optimal IDR thresholded peaks,"1, 2",ENCODE3
ENCSR000BKH,hg19,ENCFF203EDM,bed narrowPeak,optimal IDR thresholded peaks,"1, 2",ENCODE3
ENCSR000EWV,hg19,ENCFF002CZJ,bed narrowPeak,optimal IDR thresholded peaks,,Lab
ENCSR000BNJ,hg19,ENCFF140ARE,bed narrowPeak,optimal IDR thresholded peaks,"1, 2",ENCODE3
ENCSR000ECJ,hg19,ENCFF002CT,bed narrowPeak,optimal IDR thresholded peaks,,Lab
ENCSR000ECN,hg19,ENCFF002CSR,bed narrowPeak,optimal IDR thresholded peaks,,Lab
ENCSR000EFW,hg19,ENCFF938IOJ,bed narrowPeak,optimal IDR thresholded peaks,"1, 2",ENCODE3
ENCSR000EDF,hg19,ENCFF002CS,bed narrowPeak,optimal IDR thresholded peaks,,Lab
ENCSR000BMI,hg19,ENCFF030NYG,bed narrowPeak,optimal IDR thresholded peaks,"1, 2",ENCODE3
ENCSR000EGE,hg19,ENCFF549TYR,bed narrowPeak,optimal IDR thresholded peaks,"1, 2",ENCODE3
ENCSR000DZQ,hg19,ENCFF868VSY,bed narrowPeak,optimal IDR thresholded peaks,"1, 2",ENCODE3
ENCSR000EVS,hg19,ENCFF002CUY,bed narrowPeak,optimal IDR thresholded peaks,,Lab
ENCSR000BHB,hg19,ENCFF302XI,bed narrowPeak,optimal IDR thresholded peaks,"1, 2",ENCODE3
ENCSR000BQL,hg19,ENCFF409QJU,bed narrowPeak,optimal IDR thresholded peaks,"1, 2",ENCODE3
ENCSR000BJW,hg19,ENCFF369JAI,bed narrowPeak,optimal IDR thresholded peaks,"1, 2",ENCODE3
ENCSR000BHC,hg19,ENCFF394CWJ,bed narrowPeak,optimal IDR thresholded peaks,"1, 2",ENCODE3
ENCSR000EUL,hg19,ENCFF721FTG,bed narrowPeak,optimal IDR thresholded peaks,"1, 2",ENCODE3
ENCSR000BKE,hg19,ENCFF857YVK,bed narrowPeak,optimal IDR thresholded peaks,"1, 2",ENCODE3
ENCSR000BKD,hg19,ENCFF686VJY,bed narrowPeak,optimal IDR thresholded peaks,"1, 2",ENCODE3
ENCSR519QAA,hg19,ENCFF099BZU,bed narrowPeak,optimal IDR thresholded peaks,"1, 2",ENCODE3
ENCSR000BJZ,hg19,ENCFF563QBC,bed narrowPeak,optimal IDR thresholded peaks,"1, 2",ENCODE3
ENCSR000BKC,hg19,ENCFF305HBV,bed narrowPeak,optimal IDR thresholded peaks,"1, 2",ENCODE3
ENCSR000FAG,hg19,ENCFF002CWI,bed narrowPeak,optimal IDR thresholded peaks,,Lab
ENCSR000DZJ,hg19,ENCFF853SOB,bed narrowPeak,optimal IDR thresholded peaks,"1, 2",ENCODE3
ENCSR000DOD,hg19,ENCFF002CYL,bed narrowPeak,optimal IDR thresholded peaks,,Lab
ENCSR000BNT,hg19,ENCFF420KEV,bed narrowPeak,optimal IDR thresholded peaks,"1, 2",ENCODE3
ENCSR352BJL,hg19,ENCFF921WMN,bed narrowPeak,optimal IDR thresholded peaks,"1, 2",ENCODE3
ENCSR000DLN,hg19,ENCFF002DAT,bed narrowPeak,optimal IDR thresholded peaks,,Lab
ENCSR000BQZ,hg19,ENCFF492YMU,bed narrowPeak,optimal IDR thresholded peaks,"1, 2",ENCODE3
ENCSR000EVX,hg19,ENCFF344QKL,bed narrowPeak,optimal IDR thresholded peaks,"1, 2",ENCODE3
ENCSR000DYQ,hg19,ENCFF195PBG,bed narrowPeak,optimal IDR thresholded peaks,"1, 2",ENCODE3
ENCSR000EHY,hg19,ENCFF849EEH,bed narrowPeak,optimal IDR thresholded peaks,"1, 2",ENCODE3
ENCSR000ECF,hg19,ENCFF447QXT,bed narrowPeak,optimal IDR thresholded peaks,"1, 2",ENCODE3
ENCSR000BMN,hg19,ENCFF932CSV,bed narrowPeak,optimal IDR thresholded peaks,"1, 2",ENCODE3
ENCSR000DTW,hg19,ENCFF328FU,bed narrowPeak,optimal IDR thresholded peaks,"1, 2",ENCODE3
ENCSR000DOE,hg19,ENCFF002CWR,bed narrowPeak,optimal IDR thresholded peaks,,Lab
ENCSR000DYD,hg19,ENCFF543VG,bed narrowPeak,optimal IDR thresholded peaks,"1, 2",ENCODE3
ENCSR000EVD,hg19,ENCFF002CRQ,bed narrowPeak,optimal IDR thresholded peaks,,Lab
ENCSR000DNS,hg19,ENCFF002CSU,bed narrowPeak,optimal IDR thresholded peaks,,Lab
ENCSR000BIQ,hg19,ENCFF318SDF,bed narrowPeak,optimal IDR thresholded peaks,"1, 2",ENCODE3
ENCSR000EDG,hg19,ENCFF002CS,bed narrowPeak,optimal IDR thresholded peaks,,Lab
ENCSR000EGX,hg19,ENCFF812QPN,bed narrowPeak,optimal IDR thresholded peaks,"1, 2",ENCODE3
ENCSR000BRN,hg19,ENCFF628QJU,bed narrowPeak,optimal IDR thresholded peaks,"1, 2",ENCODE3
ENCSR000BJE,hg19,ENCFF606WUV,bed narrowPeak,optimal IDR thresholded peaks,"1, 2",ENCODE3
ENCSR000EBW,hg19,ENCFF964BYN,bed narrowPeak,optimal IDR thresholded peaks,"1, 2",ENCODE3
ENCSR091GVJ,hg19,ENCFF232KAH,bed narrowPeak,optimal IDR thresholded peaks,"1, 2",ENCODE3
ENCSR000DNA,hg19,ENCFF300IYQ,bed narrowPeak,optimal IDR thresholded peaks,"1, 2",ENCODE3
ENCSR000DNT,hg19,ENCFF002CTR,bed narrowPeak,optimal IDR thresholded peaks,,Lab
ENCSR000BNV,hg19,ENCFF577UJR,bed narrowPeak,optimal IDR thresholded peaks,"1, 2",ENCODE3
ENCSR000BMZ,hg19,ENCFF747CHL,bed narrowPeak,optimal IDR thresholded peaks,"1, 2",ENCODE3
ENCSR000AHD,hg19,ENCFF586KIH,bed narrowPeak,optimal IDR thresholded peaks,"1, 2",ENCODE3
ENCSR000EWS,hg19,ENCFF002CZK,bed narrowPeak,optimal IDR thresholded peaks,,Lab
ENCSR000BGK,hg19,ENCFF721HUX,bed narrowPeak,optimal IDR thresholded peaks,"1, 2",ENCODE3
ENCSR675LRO,hg19,ENCFF197OGH,bed narrowPeak,optimal IDR thresholded peaks,"1, 2",ENCODE3
ENCSR953DVM,hg19,ENCFF925DJG,bed narrowPeak,optimal IDR thresholded peaks,"1, 2",ENCODE3
ENCSR869IUD,hg19,ENCFF968KBN,bed narrowPeak,optimal IDR thresholded peaks,"1, 2",ENCODE3
ENCSR000EVM,hg19,ENCFF002CSM,bed narrowPeak,optimal IDR thresholded peaks,,Lab
ENCSR000EDJ,hg19,ENCFF002CSW,bed narrowPeak,optimal IDR thresholded peaks,,Lab
ENCSR000EUJ,hg19,ENCFF073XZC,bed narrowPeak,optimal IDR thresholded peaks,"1, 2",ENCODE3
ENCSR000BNS,hg19,ENCFF418RZE,bed narrowPeak,optimal IDR thresholded peaks,"1, 2",ENCODE3
ENCSR000BRR,hg19,ENCFF696KP,bed narrowPeak,optimal IDR thresholded peaks,"1, 2",ENCODE3
ENCSR385AHH,hg19,ENCFF238MYM,bed narrowPeak,optimal IDR thresholded peaks,"2, 3",ENCODE3
ENCSR000EGO,hg19,ENCFF716LRI,bed narrowPeak,optimal IDR thresholded peaks,"1, 2",ENCODE3
ENCSR000EDV,hg19,ENCFF259JW,bed narrowPeak,optimal IDR thresholded peaks,"1, 2",ENCODE3
ENCSR000EWN,hg19,ENCFF891MVM,bed narrowPeak,optimal IDR thresholded peaks,"1, 2",ENCODE3
ENCSR000BMT,hg19,ENCFF379EPK,bed narrowPeak,optimal IDR thresholded peaks,"1, 2",ENCODE3
ENCSR000DRZ,hg19,ENCFF473RXY,bed narrowPeak,optimal IDR thresholded peaks,"1, 2",ENCODE3
ENCSR588AKU,hg19,ENCFF422BXE,bed narrowPeak,optimal IDR thresholded peaks,"1, 2",ENCODE3
ENCSR590CNM,hg19,ENCFF210DMP,bed narrowPeak,optimal IDR thresholded peaks,"1, 2",ENCODE3
ENCSR737LTZ,hg19,ENCFF583DZ,bed narrowPeak,optimal IDR thresholded peaks,"1, 2",ENCODE3
ENCSR395HWC,hg19,ENCFF968JVX,bed narrowPeak,optimal IDR thresholded peaks,"1, 2",ENCODE3
ENCSR107GRP,hg19,ENCFF440JJW,bed narrowPeak,optimal IDR thresholded peaks,"1, 2",ENCODE3
ENCSR101FJU,hg19,ENCFF324TBP,bed narrowPeak,optimal IDR thresholded peaks,"1, 2",ENCODE3
ENCSR336DXE,hg19,ENCFF481WGW,bed narrowPeak,optimal IDR thresholded peaks,"2, 3",ENCODE3
ENCSR445ACU,hg19,ENCFF132BFM,bed narrowPeak,optimal IDR thresholded peaks,"1, 2",ENCODE3
ENCSR000DNM,hg19,ENCFF467NRS,bed narrowPeak,optimal IDR thresholded peaks,"1, 2",ENCODE3
ENCSR863KUB,hg19,ENCFF249EZR,bed narrowPeak,optimal IDR thresholded peaks,"1, 2",ENCODE3
ENCSR000EWT,hg19,ENCFF002CZM,bed narrowPeak,optimal IDR thresholded peaks,,Lab
ENCSR000BNW,hg19,ENCFF033EBX,bed narrowPeak,optimal IDR thresholded peaks,"1, 2",ENCODE3
ENCSR107RHZ,hg19,ENCFF706LIT,bed narrowPeak,optimal IDR thresholded peaks,"1, 2",ENCODE3
ENCSR000BGF,hg19,ENCFF048JKT,bed narrowPeak,optimal IDR thresholded peaks,"1, 2",ENCODE3
ENCSR000DZC,hg19,ENCFF898MUV,bed narrowPeak,optimal IDR thresholded peaks,"1, 2",ENCODE3
ENCSR000EWU,hg19,ENCFF002CZN,bed narrowPeak,optimal IDR thresholded peaks,,Lab
ENCSR988ZSI,hg19,ENCFF763VWE,bed narrowPeak,optimal IDR thresholded peaks,"1, 2",ENCODE3
ENCSR668HOP,hg19,ENCFF563QQH,bed narrowPeak,optimal IDR thresholded peaks,"1, 2",ENCODE3
ENCSR021DJC,hg19,ENCFF159IBP,bed narrowPeak,optimal IDR thresholded peaks,"1, 2",ENCODE3
ENCSR588MQZ,hg19,ENCFF752ZR,bed narrowPeak,optimal IDR thresholded peaks,"2, 3",ENCODE3
ENCSR000DOG,hg19,ENCFF002CVN,bed narrowPeak,optimal IDR thresholded peaks,,Lab
ENCSR656JZL,hg19,ENCFF930DKI,bed narrowPeak,optimal IDR thresholded peaks,"1, 2",ENCODE3
ENCSR000BIU,hg19,ENCFF358BEF,bed narrowPeak,optimal IDR thresholded peaks,"1, 2",ENCODE3
ENCSR502KPJ,hg19,ENCFF290NCZ,bed narrowPeak,optimal IDR thresholded peaks,"1, 2",ENCODE3
ENCSR072LQF,hg19,ENCFF796MFI,bed narrowPeak,optimal IDR thresholded peaks,"1, 2",ENCODE3
ENCSR331ORD,hg19,ENCFF874EVS,bed narrowPeak,optimal IDR thresholded peaks,"1, 2",ENCODE3
ENCSR000EEB,hg19,ENCFF718CQQ,bed narrowPeak,optimal IDR thresholded peaks,"1, 2",ENCODE3
ENCSR000BIT,hg19,ENCFF274AQE,bed narrowPeak,optimal IDR thresholded peaks,"1, 2",ENCODE3
ENCSR617IFZ,hg19,ENCFF728WNY,bed narrowPeak,optimal IDR thresholded peaks,"1, 2",ENCODE3
ENCSR820GND,hg19,ENCFF539WLH,bed narrowPeak,optimal IDR thresholded peaks,"1, 2",ENCODE3
ENCSR000EVQ,hg19,ENCFF002CUX,bed narrowPeak,optimal IDR thresholded peaks,,Lab
ENCSR892ZTO,hg19,ENCFF120RXH,bed narrowPeak,optimal IDR thresholded peaks,"1, 2",ENCODE3
ENCSR818DQV,hg19,ENCFF927JBT,bed narrowPeak,optimal IDR thresholded peaks,"1, 2",ENCODE3
ENCSR000EGD,hg19,ENCFF423EMU,bed narrowPeak,optimal IDR thresholded peaks,"1, 2",ENCODE3
ENCSR138YYY,hg19,ENCFF517KRT,bed narrowPeak,optimal IDR thresholded peaks,"1, 2",ENCODE3
ENCSR000EFU,hg19,ENCFF019PEL,bed narrowPeak,optimal IDR thresholded peaks,"1, 2",ENCODE3
ENCSR811JJM,hg19,ENCFF111DCR,bed narrowPeak,optimal IDR thresholded peaks,"1, 2",ENCODE3
ENCSR000EIB,hg19,ENCFF673PTK,bed narrowPeak,optimal IDR thresholded peaks,"1, 2",ENCODE3
ENCSR776LDJ,hg19,ENCFF605RA,bed narrowPeak,optimal IDR thresholded peaks,"1, 2",ENCODE3
ENCSR000DZL,hg19,ENCFF141SAU,bed narrowPeak,optimal IDR thresholded peaks,"1, 2",ENCODE3
ENCSR093FKD,hg19,ENCFF665FHC,bed narrowPeak,optimal IDR thresholded peaks,"1, 2",ENCODE3
ENCSR277DMR,hg19,ENCFF404YMX,bed narrowPeak,optimal IDR thresholded peaks,"1, 2",ENCODE3
ENCSR020UPN,hg19,ENCFF271QKU,bed narrowPeak,optimal IDR thresholded peaks,"2, 3",ENCODE3
ENCSR115SMW,hg19,ENCFF544XKC,bed narrowPeak,optimal IDR thresholded peaks,"1, 2",ENCODE3
ENCSR000BNN,hg19,ENCFF641LJY,bed narrowPeak,optimal IDR thresholded peaks,"1, 2",ENCODE3
ENCSR854IPI,hg19,ENCFF053UVX,bed narrowPeak,optimal IDR thresholded peaks,"1, 2",ENCODE3
ENCSR103GAK,hg19,ENCFF637SB,bed narrowPeak,optimal IDR thresholded peaks,"1, 2",ENCODE3
ENCSR117CHD,hg19,ENCFF181UHL,bed narrowPeak,optimal IDR thresholded peaks,"1, 2",ENCODE3
ENCSR000DWE,hg19,ENCFF002DDJ,bed narrowPeak,optimal IDR thresholded peaks,"1, 2",Lab
ENCSR000DUB,hg19,ENCFF830KSV,bed narrowPeak,optimal IDR thresholded peaks,"1, 2",ENCODE3
ENCSR613NUC,hg19,ENCFF471ZTZ,bed narrowPeak,optimal IDR thresholded peaks,"1, 2",ENCODE3
ENCSR578CXC,hg19,ENCFF228XGU,bed narrowPeak,optimal IDR thresholded peaks,"1, 2",ENCODE3
ENCSR207PFI,hg19,ENCFF123WEZ,bed narrowPeak,optimal IDR thresholded peaks,"1, 2",ENCODE3
ENCSR692HSE,hg19,ENCFF728MIJ,bed narrowPeak,optimal IDR thresholded peaks,"1, 2",ENCODE3
ENCSR223TAV,hg19,ENCFF540BMV,bed narrowPeak,optimal IDR thresholded peaks,"1, 2",ENCODE3
ENCSR217WRC,hg19,ENCFF355MAL,bed narrowPeak,optimal IDR thresholded peaks,"1, 2",ENCODE3
ENCSR031ING,hg19,ENCFF570QVI,bed narrowPeak,optimal IDR thresholded peaks,"1, 2",ENCODE3
ENCSR443MVV,hg19,ENCFF943HTN,bed narrowPeak,optimal IDR thresholded peaks,"2, 3",ENCODE3
ENCSR051OUX,hg19,ENCFF723RSX,bed narrowPeak,optimal IDR thresholded peaks,"1, 2",ENCODE3
ENCSR768LIO,hg19,ENCFF171TPH,bed narrowPeak,optimal IDR thresholded peaks,"1, 2",ENCODE3
ENCSR543KOA,hg19,ENCFF732OWQ,bed narrowPeak,optimal IDR thresholded peaks,"1, 2",ENCODE3
ENCSR099NCH,hg19,ENCFF973LDQ,bed narrowPeak,optimal IDR thresholded peaks,"1, 2",ENCODE3
ENCSR217HTK,hg19,ENCFF467FLP,bed narrowPeak,optimal IDR thresholded peaks,"1, 2",ENCODE3
ENCSR135ANT,hg19,ENCFF651PWG,bed narrowPeak,optimal IDR thresholded peaks,"1, 3",ENCODE3
ENCSR970NKQ,hg19,ENCFF175IIE,bed narrowPeak,optimal IDR thresholded peaks,"1, 2",ENCODE3
ENCSR563LLO,hg19,ENCFF998YJY,bed narrowPeak,optimal IDR thresholded peaks,"1, 2",ENCODE3
ENCSR231YFE,hg19,ENCFF447FPV,bed narrowPeak,optimal IDR thresholded peaks,"1, 2",ENCODE3
ENCSR318LVG,hg19,ENCFF397XTF,bed narrowPeak,optimal IDR thresholded peaks,"1, 2",ENCODE3
ENCSR000DKA,hg19,ENCFF929YBC,bed narrowPeak,optimal IDR thresholded peaks,"1, 2",ENCODE3
ENCSR907MZR,hg19,ENCFF646VQW,bed narrowPeak,optimal IDR thresholded peaks,"1, 2",ENCODE3
ENCSR076EZB,hg19,ENCFF904H,bed narrowPeak,optimal IDR thresholded peaks,"1, 2",ENCODE3
ENCSR382WLL,hg19,ENCFF267FXT,bed narrowPeak,optimal IDR thresholded peaks,"1, 3",ENCODE3
ENCSR714YZG,hg19,ENCFF076NCP,bed narrowPeak,optimal IDR thresholded peaks,"1, 2",ENCODE3
ENCSR000BNH,hg19,ENCFF402JJK,bed narrowPeak,optimal IDR thresholded peaks,"1, 2",ENCODE3
ENCSR348ONY,hg19,ENCFF429ZIY,bed narrowPeak,optimal IDR thresholded peaks,"1, 2",ENCODE3
ENCSR569XNP,hg19,ENCFF965AIZ,bed narrowPeak,optimal IDR thresholded peaks,"1, 3",ENCODE3
ENCSR897RVP,hg19,ENCFF711WEI,bed narrowPeak,optimal IDR thresholded peaks,"1, 2",ENCODE3
ENCSR535DIA,hg19,ENCFF649JWU,bed narrowPeak,optimal IDR thresholded peaks,"1, 2",ENCODE3
ENCSR459FTB,hg19,ENCFF298UPI,bed narrowPeak,optimal IDR thresholded peaks,"1, 2",ENCODE3
ENCSR701RXW,hg19,ENCFF706XII,bed narrowPeak,optimal IDR thresholded peaks,"1, 2",ENCODE3
ENCSR711UOA,hg19,ENCFF714VJU,bed narrowPeak,optimal IDR thresholded peaks,"1, 2",ENCODE3
ENCSR140DSL,hg19,ENCFF411BA,bed narrowPeak,optimal IDR thresholded peaks,"2, 3",ENCODE3
ENCSR679STZ,hg19,ENCFF026FRV,bed narrowPeak,optimal IDR thresholded peaks,"1, 2",ENCODE3
ENCSR261EDU,hg19,ENCFF453CYS,bed narrowPeak,optimal IDR thresholded peaks,"1, 2",ENCODE3
ENCSR979QYJ,hg19,ENCFF973OME,bed narrowPeak,optimal IDR thresholded peaks,"1, 2",ENCODE3
ENCSR501DKS,hg19,ENCFF305ICK,bed narrowPeak,optimal IDR thresholded peaks,"1, 2",ENCODE3
ENCSR077DKV,hg19,ENCFF948TXN,bed narrowPeak,optimal IDR thresholded peaks,"1, 2",ENCODE3
ENCSR017CEO,hg19,ENCFF572YVL,bed narrowPeak,optimal IDR thresholded peaks,"2, 3",ENCODE3
ENCSR322CFO,hg19,ENCFF407AOX,bed narrowPeak,optimal IDR thresholded peaks,"1, 2",ENCODE3
ENCSR304AMN,hg19,ENCFF598MEF,bed narrowPeak,optimal IDR thresholded peaks,"2, 3",ENCODE3
ENCSR365DQH,hg19,ENCFF454YSP,bed narrowPeak,optimal IDR thresholded peaks,"1, 2",ENCODE3
ENCSR757IIU,hg19,ENCFF558DSF,bed narrowPeak,optimal IDR thresholded peaks,"1, 2",ENCODE3
ENCSR984MDV,hg19,ENCFF405RGE,bed narrowPeak,optimal IDR thresholded peaks,"1, 2",ENCODE3
ENCSR277BXW,hg19,ENCFF070WUF,bed narrowPeak,optimal IDR thresholded peaks,"1, 2",ENCODE3
ENCSR125ULS,hg19,ENCFF020TAV,bed narrowPeak,optimal IDR thresholded peaks,"2, 3",ENCODE3
ENCSR543BVU,hg19,ENCFF432DIT,bed narrowPeak,optimal IDR thresholded peaks,"1, 2",ENCODE3
ENCSR839XZU,hg19,ENCFF534CKB,bed narrowPeak,optimal IDR thresholded peaks,"1, 2",ENCODE3
ENCSR699YFX,hg19,ENCFF313BFM,bed narrowPeak,optimal IDR thresholded peaks,"1, 2",ENCODE3
ENCSR506KWJ,hg19,ENCFF998KKJ,bed narrowPeak,optimal IDR thresholded peaks,"1, 2",ENCODE3
ENCSR590KEQ,hg19,ENCFF166OZW,bed narrowPeak,optimal IDR thresholded peaks,"2, 3",ENCODE3
ENCSR109YGM,hg19,ENCFF582YPB,bed narrowPeak,optimal IDR thresholded peaks,"1, 2",ENCODE3
ENCSR422ZAO,hg19,ENCFF503SZB,bed narrowPeak,optimal IDR thresholded peaks,"2, 3",ENCODE3
ENCSR864VJE,hg19,ENCFF177JFZ,bed narrowPeak,optimal IDR thresholded peaks,"1, 2",ENCODE3
ENCSR112ALD,hg19,ENCFF161PG,bed narrowPeak,optimal IDR thresholded peaks,"2, 3",ENCODE3
ENCSR178DEG,hg19,ENCFF320THV,bed narrowPeak,optimal IDR thresholded peaks,"1, 2",ENCODE3
ENCSR371LLY,hg19,ENCFF667YOB,bed narrowPeak,optimal IDR thresholded peaks,"2, 3",ENCODE3
ENCSR815ZDS,hg19,ENCFF985TSH,bed narrowPeak,optimal IDR thresholded peaks,"1, 2",ENCODE3
ENCSR605MGM,hg19,ENCFF925JLQ,bed narrowPeak,optimal IDR thresholded peaks,"1, 2",ENCODE3
ENCSR364SNE,hg19,ENCFF990CFV,bed narrowPeak,optimal IDR thresholded peaks,"1, 2",ENCODE3
ENCSR370NFS,hg19,ENCFF386WKY,bed narrowPeak,optimal IDR thresholded peaks,"1, 2",ENCODE3
ENCSR134QIE,hg19,ENCFF955KTW,bed narrowPeak,optimal IDR thresholded peaks,"1, 2",ENCODE3
ENCSR283ZNI,hg19,ENCFF589EV,bed narrowPeak,optimal IDR thresholded peaks,"1, 2",ENCODE3
ENCSR494UQJ,hg19,ENCFF583CIY,bed narrowPeak,optimal IDR thresholded peaks,"1, 2",ENCODE3
ENCSR621ATC,hg19,ENCFF728NEV,bed narrowPeak,optimal IDR thresholded peaks,"1, 2",ENCODE3
ENCSR419ODQ,hg19,ENCFF973DWU,bed narrowPeak,optimal IDR thresholded peaks,"1, 2",ENCODE3
ENCSR288IJC,hg19,ENCFF492DZG,bed narrowPeak,optimal IDR thresholded peaks,"1, 2",ENCODE3
ENCSR797SWM,hg19,ENCFF497X,bed narrowPeak,optimal IDR thresholded peaks,"3, 4",ENCODE3
ENCSR224NFP,hg19,ENCFF911RTR,bed narrowPeak,optimal IDR thresholded peaks,"1, 2",ENCODE3
ENCSR637QAM,hg19,ENCFF241GZK,bed narrowPeak,optimal IDR thresholded peaks,"1, 2",ENCODE3
ENCSR387QUV,hg19,ENCFF456FQB,bed narrowPeak,optimal IDR thresholded peaks,"1, 2",ENCODE3
ENCSR162IEM,hg19,ENCFF877ANE,bed narrowPeak,optimal IDR thresholded peaks,"1, 2",ENCODE3
ENCSR876UYH,hg19,ENCFF235RIU,bed narrowPeak,optimal IDR thresholded peaks,"1, 2",ENCODE3
ENCSR205SKQ,hg19,ENCFF344OJI,bed narrowPeak,optimal IDR thresholded peaks,"1, 2",ENCODE3
ENCSR611WZO,hg19,ENCFF365ICU,bed narrowPeak,optimal IDR thresholded peaks,"2, 3",ENCODE3
ENCSR065XVO,hg19,ENCFF859FVX,bed narrowPeak,optimal IDR thresholded peaks,"1, 2",ENCODE3
ENCSR455DOO,hg19,ENCFF659X,bed narrowPeak,optimal IDR thresholded peaks,"1, 2",ENCODE3
ENCSR744WOO,hg19,ENCFF493TZM,bed narrowPeak,optimal IDR thresholded peaks,"1, 2",ENCODE3
ENCSR888XZK,hg19,ENCFF312RFN,bed narrowPeak,optimal IDR thresholded peaks,"1, 2",ENCODE3
ENCSR563FBT,hg19,ENCFF754GUT,bed narrowPeak,optimal IDR thresholded peaks,"2, 3",ENCODE3
ENCSR387SYS,hg19,ENCFF786WZ,bed narrowPeak,optimal IDR thresholded peaks,"1, 2",ENCODE3
ENCSR416QLJ,hg19,ENCFF828JWK,bed narrowPeak,optimal IDR thresholded peaks,"1, 2",ENCODE3
ENCSR731LHZ,hg19,ENCFF083YCQ,bed narrowPeak,optimal IDR thresholded peaks,"1, 2",ENCODE3
ENCSR835XKS,hg19,ENCFF899JBI,bed narrowPeak,optimal IDR thresholded peaks,"1, 2",ENCODE3
ENCSR525YFS,hg19,ENCFF598VEK,bed narrowPeak,optimal IDR thresholded peaks,"1, 2",ENCODE3
ENCSR047BUZ,hg19,ENCFF502ZTC,bed narrowPeak,optimal IDR thresholded peaks,"1, 2",ENCODE3
ENCSR437GBJ,hg19,ENCFF704ZYN,bed narrowPeak,optimal IDR thresholded peaks,"1, 2",ENCODE3
ENCSR444LIN,hg19,ENCFF147MAN,bed narrowPeak,optimal IDR thresholded peaks,"1, 2",ENCODE3
ENCSR130PDE,hg19,ENCFF859NPS,bed narrowPeak,optimal IDR thresholded peaks,"1, 2",ENCODE3
ENCSR314BBS,hg19,ENCFF332DRG,bed narrowPeak,optimal IDR thresholded peaks,"1, 2",ENCODE3
ENCSR926KTP,hg19,ENCFF196DHR,bed narrowPeak,optimal IDR thresholded peaks,"1, 2",ENCODE3
ENCSR721QZV,hg19,ENCFF163MWF,bed narrowPeak,optimal IDR thresholded peaks,"1, 2",ENCODE3
ENCSR517DDU,hg19,ENCFF519CSQ,bed narrowPeak,optimal IDR thresholded peaks,"1, 2",ENCODE3
ENCSR616WEG,hg19,ENCFF104YWL,bed narrowPeak,optimal IDR thresholded peaks,"1, 2",ENCODE3
ENCSR986XYK,hg19,ENCFF922GXT,bed narrowPeak,optimal IDR thresholded peaks,"1, 2",ENCODE3
ENCSR066EBK,hg19,ENCFF683KB,bed narrowPeak,optimal IDR thresholded peaks,"1, 2",ENCODE3
ENCSR289NSN,hg19,ENCFF033FOE,bed narrowPeak,optimal IDR thresholded peaks,"1, 2",ENCODE3
ENCSR876GXA,hg19,ENCFF408FQC,bed narrowPeak,optimal IDR thresholded peaks,"3, 4",ENCODE3
ENCSR338DGO,hg19,ENCFF670DXC,bed narrowPeak,optimal IDR thresholded peaks,"1, 2",ENCODE3
ENCSR477OJI,hg19,ENCFF260VLG,bed narrowPeak,optimal IDR thresholded peaks,"1, 2",ENCODE3
ENCSR253OON,hg19,ENCFF418WDR,bed narrowPeak,optimal IDR thresholded peaks,"1, 2",ENCODE3
ENCSR976TBC,hg19,ENCFF100ERQ,bed narrowPeak,optimal IDR thresholded peaks,"1, 2",ENCODE3
ENCSR949IWY,hg19,ENCFF282SXB,bed narrowPeak,optimal IDR thresholded peaks,"1, 2",ENCODE3
ENCSR604VWJ,hg19,ENCFF783PLT,bed narrowPeak,optimal IDR thresholded peaks,"1, 2",ENCODE3
ENCSR391JII,hg19,ENCFF065UFF,bed narrowPeak,optimal IDR thresholded peaks,"3, 4",ENCODE3
ENCSR460MBI,hg19,ENCFF553QNS,bed narrowPeak,optimal IDR thresholded peaks,"1, 2",ENCODE3
ENCSR182QWU,hg19,ENCFF609WOU,bed narrowPeak,optimal IDR thresholded peaks,"1, 2",ENCODE3
ENCSR331GDC,hg19,ENCFF434QZL,bed narrowPeak,optimal IDR thresholded peaks,"1, 2",ENCODE3
ENCSR738SLS,hg19,ENCFF439XSW,bed narrowPeak,optimal IDR thresholded peaks,"1, 2",ENCODE3
ENCSR440COG,hg19,ENCFF340UWW,bed narrowPeak,optimal IDR thresholded peaks,"1, 2",ENCODE3
ENCSR192AFN,hg19,ENCFF455YHJ,bed narrowPeak,optimal IDR thresholded peaks,"1, 2",ENCODE3
ENCSR801GJU,hg19,ENCFF928KZS,bed narrowPeak,optimal IDR thresholded peaks,"1, 2",ENCODE3
ENCSR445PDR,hg19,ENCFF750YHY,bed narrowPeak,optimal IDR thresholded peaks,"1, 2",ENCODE3
ENCSR608HVP,hg19,ENCFF802XZN,bed narrowPeak,optimal IDR thresholded peaks,"1, 2",ENCODE3
ENCSR518WPL,hg19,ENCFF311LEU,bed narrowPeak,optimal IDR thresholded peaks,"1, 2",ENCODE3
ENCSR076STQ,hg19,ENCFF670RSG,bed narrowPeak,optimal IDR thresholded peaks,"2, 3",ENCODE3
ENCSR269TNX,hg19,ENCFF450SOG,bed narrowPeak,optimal IDR thresholded peaks,"1, 2",ENCODE3
ENCSR854MCV,hg19,ENCFF388AJH,bed narrowPeak,optimal IDR thresholded peaks,"1, 2",ENCODE3
ENCSR494PWZ,hg19,ENCFF809OEX,bed narrowPeak,optimal IDR thresholded peaks,"1, 2",ENCODE3
ENCSR798EGJ,hg19,ENCFF626AQW,bed narrowPeak,optimal IDR thresholded peaks,"1, 2",ENCODE3
ENCSR595FAO,hg19,ENCFF572WXJ,bed narrowPeak,optimal IDR thresholded peaks,"1, 2",ENCODE3
ENCSR679KXF,hg19,ENCFF460JBF,bed narrowPeak,optimal IDR thresholded peaks,"1, 2",ENCODE3
ENCSR210MET,hg19,ENCFF187XKX,bed narrowPeak,optimal IDR thresholded peaks,"1, 2",ENCODE3
ENCSR464KFG,hg19,ENCFF027VBY,bed narrowPeak,optimal IDR thresholded peaks,"1, 2",ENCODE3
ENCSR803GYT,hg19,ENCFF065VOT,bed narrowPeak,optimal IDR thresholded peaks,"1, 2",ENCODE3
ENCSR177VFS,hg19,ENCFF911BYP,bed narrowPeak,optimal IDR thresholded peaks,"1, 2",ENCODE3
ENCSR874AFU,hg19,ENCFF229YSW,bed narrowPeak,optimal IDR thresholded peaks,"1, 2",ENCODE3
ENCSR819LHG,hg19,ENCFF809YFY,bed narrowPeak,optimal IDR thresholded peaks,"1, 2",ENCODE3
ENCSR689YFA,hg19,ENCFF290YYY,bed narrowPeak,optimal IDR thresholded peaks,"1, 2",ENCODE3
ENCSR167KBO,hg19,ENCFF788EBS,bed narrowPeak,optimal IDR thresholded peaks,"1, 2",ENCODE3
ENCSR211PZO,hg19,ENCFF482SMS,bed narrowPeak,optimal IDR thresholded peaks,"1, 2",ENCODE3
ENCSR080CST,hg19,ENCFF779HAK,bed narrowPeak,optimal IDR thresholded peaks,"1, 2",ENCODE3
ENCSR417VWF,hg19,ENCFF232UW,bed narrowPeak,optimal IDR thresholded peaks,"1, 2",ENCODE3
ENCSR194KWL,hg19,ENCFF649EXL,bed narrowPeak,optimal IDR thresholded peaks,"1, 2",ENCODE3
ENCSR441UBA,hg19,ENCFF145PVL,bed narrowPeak,optimal IDR thresholded peaks,"1, 2",ENCODE3
ENCSR469WII,hg19,ENCFF809PXE,bed narrowPeak,optimal IDR thresholded peaks,"1, 2",ENCODE3
ENCSR065WUF,hg19,ENCFF065RDT,bed narrowPeak,optimal IDR thresholded peaks,"1, 2",ENCODE3
ENCSR634ZGP,hg19,ENCFF675ZHC,bed narrowPeak,optimal IDR thresholded peaks,"1, 2",ENCODE3
ENCSR801BWR,hg19,ENCFF985YVA,bed narrowPeak,optimal IDR thresholded peaks,"1, 2",ENCODE3
ENCSR396QWK,hg19,ENCFF837HCH,bed narrowPeak,optimal IDR thresholded peaks,"1, 2",ENCODE3
ENCSR742TMU,hg19,ENCFF581ZZT,bed narrowPeak,optimal IDR thresholded peaks,"1, 2",ENCODE3
ENCSR155VDK,hg19,ENCFF126PJF,bed narrowPeak,optimal IDR thresholded peaks,"1, 2",ENCODE3
ENCSR321MSF,hg19,ENCFF416GRM,bed narrowPeak,optimal IDR thresholded peaks,"4, 5",ENCODE3
ENCSR736ZKL,hg19,ENCFF901JRM,bed narrowPeak,optimal IDR thresholded peaks,"1, 2",ENCODE3
ENCSR826YMT,hg19,ENCFF281OPX,bed narrowPeak,optimal IDR thresholded peaks,"1, 2",ENCODE3
ENCSR092OVN,hg19,ENCFF984AJU,bed narrowPeak,optimal IDR thresholded peaks,"1, 2",ENCODE3
ENCSR143CEO,hg19,ENCFF211XFR,bed narrowPeak,optimal IDR thresholded peaks,"1, 2",ENCODE3
ENCSR085DDI,hg19,ENCFF986MHU,bed narrowPeak,optimal IDR thresholded peaks,"1, 2",ENCODE3
ENCSR780BBJ,hg19,ENCFF588OLK,bed narrowPeak,optimal IDR thresholded peaks,"1, 2",ENCODE3
ENCSR882ZTS,hg19,ENCFF168HHB,bed narrowPeak,optimal IDR thresholded peaks,"1, 2",ENCODE3
ENCSR936XTK,hg19,ENCFF544NXC,bed narrowPeak,optimal IDR thresholded peaks,"2, 3",ENCODE3
ENCSR553QMC,hg19,ENCFF448CFQ,bed narrowPeak,optimal IDR thresholded peaks,"1, 2",ENCODE3
ENCSR633OVO,hg19,ENCFF552URL,bed narrowPeak,optimal IDR thresholded peaks,"1, 2",ENCODE3
ENCSR210HBN,hg19,ENCFF716MKU,bed narrowPeak,optimal IDR thresholded peaks,"1, 2",ENCODE3
ENCSR569ARC,hg19,ENCFF208YTG,bed narrowPeak,optimal IDR thresholded peaks,"1, 2",ENCODE3
ENCSR791AGT,hg19,ENCFF539NTA,bed narrowPeak,optimal IDR thresholded peaks,"2, 3",ENCODE3
ENCSR924GXX,hg19,ENCFF462FRU,bed narrowPeak,optimal IDR thresholded peaks,"1, 2",ENCODE3
ENCSR260UJI,hg19,ENCFF801SSE,bed narrowPeak,optimal IDR thresholded peaks,"1, 2",ENCODE3
ENCSR631WAA,hg19,ENCFF047LUI,bed narrowPeak,optimal IDR thresholded peaks,"1, 2",ENCODE3
ENCSR547TGL,hg19,ENCFF426RRZ,bed narrowPeak,optimal IDR thresholded peaks,"1, 2",ENCODE3
ENCSR402JAC,hg19,ENCFF603ZTG,bed narrowPeak,optimal IDR thresholded peaks,"1, 2",ENCODE3
ENCSR044FMM,hg19,ENCFF267BXB,bed narrowPeak,optimal IDR thresholded peaks,"1, 2",ENCODE3
ENCSR382GSF,hg19,ENCFF201GA,bed narrowPeak,optimal IDR thresholded peaks,"1, 2",ENCODE3
ENCSR762DQP,hg19,ENCFF395YRF,bed narrowPeak,optimal IDR thresholded peaks,"1, 2",ENCODE3
ENCSR754SOI,hg19,ENCFF496DFA,bed narrowPeak,optimal IDR thresholded peaks,"1, 2",ENCODE3
ENCSR919CZU,hg19,ENCFF632ZBP,bed narrowPeak,optimal IDR thresholded peaks,"1, 2",ENCODE3
ENCSR351NON,hg19,ENCFF234WBT,bed narrowPeak,optimal IDR thresholded peaks,"2, 3",ENCODE3
ENCSR966PJJ,hg19,ENCFF267HPJ,bed narrowPeak,optimal IDR thresholded peaks,"1, 2",ENCODE3
ENCSR977HTH,hg19,ENCFF820HLI,bed narrowPeak,optimal IDR thresholded peaks,"1, 2",ENCODE3
ENCSR447ZTA,hg19,ENCFF850TPX,bed narrowPeak,optimal IDR thresholded peaks,"1, 2",ENCODE3
ENCSR365GRX,hg19,ENCFF298TDL,bed narrowPeak,optimal IDR thresholded peaks,"1, 2",ENCODE3
ENCSR875PEI,hg19,ENCFF757QEJ,bed narrowPeak,optimal IDR thresholded peaks,"1, 3",ENCODE3
ENCSR267DFA,hg19,ENCFF675TLS,bed narrowPeak,optimal IDR thresholded peaks,"1, 2",ENCODE3
ENCSR807LQP,hg19,ENCFF905HYT,bed narrowPeak,optimal IDR thresholded peaks,"1, 2",ENCODE3
ENCSR028EGI,hg19,ENCFF943LDC,bed narrowPeak,optimal IDR thresholded peaks,"1, 2",ENCODE3
ENCSR253CKN,hg19,ENCFF441VSN,bed narrowPeak,optimal IDR thresholded peaks,"1, 2",ENCODE3
ENCSR189TRZ,hg19,ENCFF242IWJ,bed narrowPeak,optimal IDR thresholded peaks,"1, 2",ENCODE3
ENCSR279IEM,hg19,ENCFF278ODX,bed narrowPeak,optimal IDR thresholded peaks,"1, 2",ENCODE3
ENCSR739IHN,hg19,ENCFF405NFV,bed narrowPeak,optimal IDR thresholded peaks,"1, 2",ENCODE3
ENCSR324LTM,hg19,ENCFF043BDV,bed narrowPeak,optimal IDR thresholded peaks,"1, 2",ENCODE3
ENCSR381VYR,hg19,ENCFF943KIE,bed narrowPeak,optimal IDR thresholded peaks,"1, 2",ENCODE3
ENCSR906PCS,hg19,ENCFF068QHA,bed narrowPeak,optimal IDR thresholded peaks,"1, 2",ENCODE3
ENCSR159GFL,hg19,ENCFF415VBF,bed narrowPeak,optimal IDR thresholded peaks,"1, 2",ENCODE3
ENCSR767XSF,hg19,ENCFF308CQ,bed narrowPeak,optimal IDR thresholded peaks,"1, 2",ENCODE3
ENCSR076KZW,hg19,ENCFF856LJI,bed narrowPeak,optimal IDR thresholded peaks,"1, 2",ENCODE3
ENCSR775HFF,hg19,ENCFF839UTQ,bed narrowPeak,optimal IDR thresholded peaks,"1, 2",ENCODE3
ENCSR200JYP,hg19,ENCFF442ZUF,bed narrowPeak,optimal IDR thresholded peaks,"1, 2",ENCODE3
ENCSR714LYA,hg19,ENCFF977PX,bed narrowPeak,optimal IDR thresholded peaks,"1, 2",ENCODE3
ENCSR427BBI,hg19,ENCFF686LJE,bed narrowPeak,optimal IDR thresholded peaks,"1, 2",ENCODE3
ENCSR714LZQ,hg19,ENCFF497IKJ,bed narrowPeak,optimal IDR thresholded peaks,"1, 2",ENCODE3
ENCSR896UBV,hg19,ENCFF201ZGY,bed narrowPeak,optimal IDR thresholded peaks,"1, 2",ENCODE3
ENCSR513MGG,hg19,ENCFF878YVM,bed narrowPeak,optimal IDR thresholded peaks,"1, 2",ENCODE3
ENCSR397DQC,hg19,ENCFF195GMS,bed narrowPeak,optimal IDR thresholded peaks,"1, 2",ENCODE3
ENCSR145TSJ,hg19,ENCFF710IEF,bed narrowPeak,optimal IDR thresholded peaks,"1, 2",ENCODE3
ENCSR770PQN,hg19,ENCFF292GRY,bed narrowPeak,optimal IDR thresholded peaks,"1, 2",ENCODE3
ENCSR102KIN,hg19,ENCFF511QHY,bed narrowPeak,optimal IDR thresholded peaks,"1, 2",ENCODE3
ENCSR474CVP,hg19,ENCFF164HLQ,bed narrowPeak,optimal IDR thresholded peaks,"1, 3",ENCODE3
ENCSR011CKE,hg19,ENCFF296EBH,bed narrowPeak,optimal IDR thresholded peaks,"1, 2",ENCODE3
ENCSR604CNJ,hg19,ENCFF300CSG,bed narrowPeak,optimal IDR thresholded peaks,"1, 2",ENCODE3
ENCSR788XNX,hg19,ENCFF015PGM,bed narrowPeak,optimal IDR thresholded peaks,"1, 2",ENCODE3
ENCSR619GFP,hg19,ENCFF265LKN,bed narrowPeak,optimal IDR thresholded peaks,"1, 2",ENCODE3
ENCSR197DJH,hg19,ENCFF870CER,bed narrowPeak,optimal IDR thresholded peaks,"1, 2",ENCODE3
ENCSR347NOB,hg19,ENCFF920HDC,bed narrowPeak,optimal IDR thresholded peaks,"1, 3",ENCODE3
ENCSR616OSG,hg19,ENCFF070BHP,bed narrowPeak,optimal IDR thresholded peaks,"1, 2",ENCODE3
ENCSR848YWD,hg19,ENCFF177FZU,bed narrowPeak,optimal IDR thresholded peaks,"1, 2",ENCODE3
ENCSR632SIM,hg19,ENCFF170OW,bed narrowPeak,optimal IDR thresholded peaks,"1, 2",ENCODE3
ENCSR295BIP,hg19,ENCFF058JCF,bed narrowPeak,optimal IDR thresholded peaks,"1, 2",ENCODE3
ENCSR093HXE,hg19,ENCFF824SRC,bed narrowPeak,optimal IDR thresholded peaks,"1, 2",ENCODE3
ENCSR178QVJ,hg19,ENCFF265HWY,bed narrowPeak,optimal IDR thresholded peaks,"1, 2",ENCODE3
ENCSR853ADA,hg19,ENCFF003GNY,bed narrowPeak,optimal IDR thresholded peaks,"1, 2",ENCODE3
ENCSR482BBZ,hg19,ENCFF611XTK,bed narrowPeak,optimal IDR thresholded peaks,"1, 2",ENCODE3
ENCSR307CKC,hg19,ENCFF535VSU,bed narrowPeak,optimal IDR thresholded peaks,"1, 2",ENCODE3
ENCSR968GIB,hg19,ENCFF010UH,bed narrowPeak,optimal IDR thresholded peaks,"3, 4",ENCODE3
ENCSR742IDN,hg19,ENCFF664ZGR,bed narrowPeak,optimal IDR thresholded peaks,"1, 2",ENCODE3
ENCSR715QNO,hg19,ENCFF107VF,bed narrowPeak,optimal IDR thresholded peaks,"1, 2",ENCODE3
ENCSR481FEC,hg19,ENCFF231DQM,bed narrowPeak,optimal IDR thresholded peaks,"1, 2",ENCODE3
ENCSR189YYK,hg19,ENCFF357WYN,bed narrowPeak,optimal IDR thresholded peaks,"1, 2",ENCODE3
ENCSR892QHR,hg19,ENCFF292QIG,bed narrowPeak,optimal IDR thresholded peaks,"1, 2",ENCODE3
ENCSR793HVL,hg19,ENCFF063WXY,bed narrowPeak,optimal IDR thresholded peaks,"1, 2",ENCODE3
ENCSR298QUH,hg19,ENCFF648HOQ,bed narrowPeak,optimal IDR thresholded peaks,"1, 2",ENCODE3
ENCSR903ELW,hg19,ENCFF693JHE,bed narrowPeak,optimal IDR thresholded peaks,"1, 2",ENCODE3
ENCSR757EKM,hg19,ENCFF175VJE,bed narrowPeak,optimal IDR thresholded peaks,"1, 2",ENCODE3
ENCSR542FLV,hg19,ENCFF539CK,bed narrowPeak,optimal IDR thresholded peaks,"1, 4",ENCODE3
ENCSR632DCH,hg19,ENCFF228PSB,bed narrowPeak,optimal IDR thresholded peaks,"1, 2",ENCODE3
ENCSR028NUR,hg19,ENCFF615FIR,bed narrowPeak,optimal IDR thresholded peaks,"1, 2",ENCODE3
ENCSR591CCL,hg19,ENCFF447QUG,bed narrowPeak,optimal IDR thresholded peaks,"1, 2",ENCODE3
ENCSR799GOY,hg19,ENCFF920LEU,bed narrowPeak,optimal IDR thresholded peaks,"1, 2",ENCODE3
ENCSR194BBY,hg19,ENCFF446PZF,bed narrowPeak,optimal IDR thresholded peaks,"1, 2",ENCODE3
ENCSR764YDL,hg19,ENCFF954NAJ,bed narrowPeak,optimal IDR thresholded peaks,"1, 2",ENCODE3
ENCSR979FQP,hg19,ENCFF265NSP,bed narrowPeak,optimal IDR thresholded peaks,"1, 2",ENCODE3
ENCSR343ELW,hg19,ENCFF659WAF,bed narrowPeak,optimal IDR thresholded peaks,"3, 4",ENCODE3
ENCSR011XCI,hg19,ENCFF787RHQ,bed narrowPeak,optimal IDR thresholded peaks,"1, 2",ENCODE3
ENCSR957LDM,hg19,ENCFF049CRW,bed narrowPeak,optimal IDR thresholded peaks,"1, 2",ENCODE3
ENCSR173CTF,hg19,ENCFF516QUQ,bed narrowPeak,optimal IDR thresholded peaks,"1, 2",ENCODE3
ENCSR665KYH,hg19,ENCFF073XKN,bed narrowPeak,optimal IDR thresholded peaks,"1, 2",ENCODE3
ENCSR966PJY,hg19,ENCFF525IST,bed narrowPeak,optimal IDR thresholded peaks,"1, 2",ENCODE3
ENCSR022IZK,hg19,ENCFF572DQF,bed narrowPeak,optimal IDR thresholded peaks,"1, 2",ENCODE3
ENCSR897JAS,hg19,ENCFF127RVQ,bed narrowPeak,optimal IDR thresholded peaks,"1, 2",ENCODE3
ENCSR430JGJ,hg19,ENCFF192DTE,bed narrowPeak,optimal IDR thresholded peaks,"1, 2",ENCODE3
ENCSR978EQY,hg19,ENCFF449EZT,bed narrowPeak,optimal IDR thresholded peaks,"1, 2",ENCODE3
ENCSR828NCB,hg19,ENCFF456YII,bed narrowPeak,optimal IDR thresholded peaks,"1, 2",ENCODE3
ENCSR560SEP,hg19,ENCFF017BKY,bed narrowPeak,optimal IDR thresholded peaks,"1, 2",ENCODE3
ENCSR098YLE,hg19,ENCFF768SBV,bed narrowPeak,optimal IDR thresholded peaks,"1, 2",ENCODE3
ENCSR745VSQ,hg19,ENCFF998RMR,bed narrowPeak,optimal IDR thresholded peaks,"1, 2",ENCODE3
ENCSR066TET,hg19,ENCFF150TBK,bed narrowPeak,optimal IDR thresholded peaks,"1, 3",ENCODE3
ENCSR091JXL,hg19,ENCFF676NPW,bed narrowPeak,optimal IDR thresholded peaks,"1, 2",ENCODE3
ENCSR635EXI,hg19,ENCFF303PMJ,bed narrowPeak,optimal IDR thresholded peaks,"1, 3",ENCODE3
ENCSR752NDX,hg19,ENCFF266KS,bed narrowPeak,optimal IDR thresholded peaks,"1, 2",ENCODE3
ENCSR449UFF,hg19,ENCFF353QLW,bed narrowPeak,optimal IDR thresholded peaks,"3, 4",ENCODE3
ENCSR029IBC,hg19,ENCFF808WQI,bed narrowPeak,optimal IDR thresholded peaks,"1, 2",ENCODE3
ENCSR175SZH,hg19,ENCFF253NXR,bed narrowPeak,optimal IDR thresholded peaks,"1, 2",ENCODE3
ENCSR778UBR,hg19,ENCFF027VZK,bed narrowPeak,optimal IDR thresholded peaks,"5, 6",ENCODE3
ENCSR912ATU,hg19,ENCFF178LCE,bed narrowPeak,optimal IDR thresholded peaks,"2, 3",ENCODE3
ENCSR415AEB,hg19,ENCFF302MOY,bed narrowPeak,optimal IDR thresholded peaks,"1, 2",ENCODE3
ENCSR263DFP,hg19,ENCFF168HAG,bed narrowPeak,optimal IDR thresholded peaks,"1, 2",ENCODE3
ENCSR552YGL,hg19,ENCFF911VS,bed narrowPeak,optimal IDR thresholded peaks,"1, 2",ENCODE3
ENCSR159OCC,hg19,ENCFF030HWZ,bed narrowPeak,optimal IDR thresholded peaks,"1, 2",ENCODE3
ENCSR468IJT,hg19,ENCFF119WLE,bed narrowPeak,optimal IDR thresholded peaks,"1, 2",ENCODE3
ENCSR909HMT,hg19,ENCFF677ZDS,bed narrowPeak,optimal IDR thresholded peaks,"1, 2",ENCODE3
ENCSR451CYX,hg19,ENCFF629SHB,bed narrowPeak,optimal IDR thresholded peaks,"1, 2",ENCODE3
ENCSR961PPA,hg19,ENCFF127GYQ,bed narrowPeak,optimal IDR thresholded peaks,"1, 2",ENCODE3
ENCSR497JLX,hg19,ENCFF364KSB,bed narrowPeak,optimal IDR thresholded peaks,"1, 2",ENCODE3
ENCSR669GUM,hg19,ENCFF444SHN,bed narrowPeak,optimal IDR thresholded peaks,"1, 2",ENCODE3
ENCSR224QDY,hg19,ENCFF875JQT,bed narrowPeak,optimal IDR thresholded peaks,"1, 2",ENCODE3
ENCSR551KAP,hg19,ENCFF254EAY,bed narrowPeak,optimal IDR thresholded peaks,"1, 2",ENCODE3
ENCSR996FYT,hg19,ENCFF954HYI,bed narrowPeak,optimal IDR thresholded peaks,"1, 2",ENCODE3
ENCSR938ETG,hg19,ENCFF368VEQ,bed narrowPeak,optimal IDR thresholded peaks,"1, 2",ENCODE3
ENCSR604UJV,hg19,ENCFF239IZV,bed narrowPeak,optimal IDR thresholded peaks,"1, 2",ENCODE3
ENCSR608XTF,hg19,ENCFF644WLI,bed narrowPeak,optimal IDR thresholded peaks,"1, 2",ENCODE3
ENCSR412ZDC,hg19,ENCFF763XLN,bed narrowPeak,optimal IDR thresholded peaks,"1, 2",ENCODE3
ENCSR950ACO,hg19,ENCFF622OQC,bed narrowPeak,optimal IDR thresholded peaks,"1, 2",ENCODE3
ENCSR462KYU,hg19,ENCFF476ZW,bed narrowPeak,optimal IDR thresholded peaks,"1, 2",ENCODE3
ENCSR460XGV,hg19,ENCFF027CYL,bed narrowPeak,optimal IDR thresholded peaks,"1, 2",ENCODE3
ENCSR389PWB,hg19,ENCFF394IKH,bed narrowPeak,optimal IDR thresholded peaks,"1, 2",ENCODE3
ENCSR171FUX,hg19,ENCFF144FQA,bed narrowPeak,optimal IDR thresholded peaks,"1, 2",ENCODE3
ENCSR781EQJ,hg19,ENCFF921HJY,bed narrowPeak,optimal IDR thresholded peaks,"1, 2",ENCODE3
ENCSR389BLX,hg19,ENCFF231VAA,bed narrowPeak,optimal IDR thresholded peaks,"1, 2",ENCODE3
ENCSR707QWA,hg19,ENCFF712AXK,bed narrowPeak,optimal IDR thresholded peaks,"1, 2",ENCODE3
ENCSR798IJO,hg19,ENCFF615JCW,bed narrowPeak,optimal IDR thresholded peaks,"1, 2",ENCODE3
ENCSR892DRK,hg19,ENCFF188XR,bed narrowPeak,optimal IDR thresholded peaks,"1, 2",ENCODE3
ENCSR502OEK,hg19,ENCFF392MUM,bed narrowPeak,optimal IDR thresholded peaks,"1, 2",ENCODE3
ENCSR155KHM,hg19,ENCFF507MGL,bed narrowPeak,optimal IDR thresholded peaks,"1, 2",ENCODE3
ENCSR396SOH,hg19,ENCFF937PFR,bed narrowPeak,optimal IDR thresholded peaks,"1, 2",ENCODE3
ENCSR966YYJ,hg19,ENCFF353CQJ,bed narrowPeak,optimal IDR thresholded peaks,"1, 2",ENCODE3
ENCSR465VLK,hg19,ENCFF671BJT,bed narrowPeak,optimal IDR thresholded peaks,"1, 2",ENCODE3
ENCSR125DNC,hg19,ENCFF026PKV,bed narrowPeak,optimal IDR thresholded peaks,"1, 2",ENCODE3
ENCSR751PNN,hg19,ENCFF057VRL,bed narrowPeak,optimal IDR thresholded peaks,"1, 2",ENCODE3
ENCSR264CZJ,hg19,ENCFF671BFH,bed narrowPeak,optimal IDR thresholded peaks,"1, 2",ENCODE3
ENCSR497VFH,hg19,ENCFF284PKK,bed narrowPeak,optimal IDR thresholded peaks,"1, 2",ENCODE3
ENCSR596FEL,hg19,ENCFF105IPJ,bed narrowPeak,optimal IDR thresholded peaks,"1, 2",ENCODE3
ENCSR334HSW,hg19,ENCFF698MLW,bed narrowPeak,optimal IDR thresholded peaks,"1, 2",ENCODE3
ENCSR506HXN,hg19,ENCFF623ALA,bed narrowPeak,optimal IDR thresholded peaks,"1, 2",ENCODE3
ENCSR038XIA,hg19,ENCFF563AEQ,bed narrowPeak,optimal IDR thresholded peaks,"1, 2",ENCODE3
ENCSR702BYX,hg19,ENCFF817RST,bed narrowPeak,optimal IDR thresholded peaks,"1, 2",ENCODE3
ENCSR019WUS,hg19,ENCFF675HMV,bed narrowPeak,optimal IDR thresholded peaks,"1, 2",ENCODE3
ENCSR878DES,hg19,ENCFF294NNX,bed narrowPeak,optimal IDR thresholded peaks,"1, 2",ENCODE3
ENCSR487CPI,hg19,ENCFF070SCG,bed narrowPeak,optimal IDR thresholded peaks,"1, 2",ENCODE3
ENCSR274LVQ,hg19,ENCFF338OGQ,bed narrowPeak,optimal IDR thresholded peaks,"1, 2",ENCODE3
ENCSR212YKD,hg19,ENCFF142EVF,bed narrowPeak,optimal IDR thresholded peaks,"1, 2",ENCODE3
ENCSR897ZXU,hg19,ENCFF751DRF,bed narrowPeak,optimal IDR thresholded peaks,"1, 2",ENCODE3
ENCSR229DYF,hg19,ENCFF462ZZ,bed narrowPeak,optimal IDR thresholded peaks,"1, 2",ENCODE3
ENCSR552XSN,hg19,ENCFF881VZH,bed narrowPeak,optimal IDR thresholded peaks,"1, 2",ENCODE3
ENCSR331BDJ,hg19,ENCFF906PG,bed narrowPeak,optimal IDR thresholded peaks,"1, 2",ENCODE3
ENCSR546IHU,hg19,ENCFF556YCY,bed narrowPeak,optimal IDR thresholded peaks,"1, 2",ENCODE3
ENCSR729LGA,hg19,ENCFF193MKL,bed narrowPeak,optimal IDR thresholded peaks,"1, 2",ENCODE3
ENCSR439WAF,hg19,ENCFF711OSR,bed narrowPeak,optimal IDR thresholded peaks,"1, 2",ENCODE3
ENCSR334KIQ,hg19,ENCFF573ALP,bed narrowPeak,optimal IDR thresholded peaks,"1, 2",ENCODE3
ENCSR647ZXA,hg19,ENCFF257RYT,bed narrowPeak,optimal IDR thresholded peaks,"1, 2",ENCODE3
ENCSR357QJR,hg19,ENCFF483STV,bed narrowPeak,optimal IDR thresholded peaks,"1, 2",ENCODE3
ENCSR924GRG,hg19,ENCFF843TJJ,bed narrowPeak,optimal IDR thresholded peaks,"1, 2",ENCODE3
ENCSR121PFY,hg19,ENCFF643TEZ,bed narrowPeak,optimal IDR thresholded peaks,"1, 2",ENCODE3
ENCSR278JQG,hg19,ENCFF880SXP,bed narrowPeak,optimal IDR thresholded peaks,"1, 2",ENCODE3
ENCSR439OCL,hg19,ENCFF932UEC,bed narrowPeak,optimal IDR thresholded peaks,"1, 2",ENCODE3
ENCSR337NQP,hg19,ENCFF193FZK,bed narrowPeak,optimal IDR thresholded peaks,"1, 2",ENCODE3
ENCSR768VNZ,hg19,ENCFF019SJB,bed narrowPeak,optimal IDR thresholded peaks,"2, 3",ENCODE3
ENCSR283DOU,hg19,ENCFF959WAA,bed narrowPeak,optimal IDR thresholded peaks,"2, 3",ENCODE3
ENCSR185FOY,hg19,ENCFF901JLS,bed narrowPeak,optimal IDR thresholded peaks,"1, 2",ENCODE3
ENCSR864KNH,hg19,ENCFF129AX,bed narrowPeak,optimal IDR thresholded peaks,"1, 2",ENCODE3
ENCSR228PGT,hg19,ENCFF559OMC,bed narrowPeak,optimal IDR thresholded peaks,"1, 2",ENCODE3
ENCSR138RCE,hg19,ENCFF580LHX,bed narrowPeak,optimal IDR thresholded peaks,"1, 2",ENCODE3
ENCSR571BUF,hg19,ENCFF010MMQ,bed narrowPeak,optimal IDR thresholded peaks,"1, 2",ENCODE3
ENCSR727PIC,hg19,ENCFF827BDM,bed narrowPeak,optimal IDR thresholded peaks,"1, 2",ENCODE3
ENCSR966ULI,hg19,ENCFF338QWU,bed narrowPeak,optimal IDR thresholded peaks,"1, 2",ENCODE3
ENCSR925QAW,hg19,ENCFF010AHT,bed narrowPeak,optimal IDR thresholded peaks,"1, 2",ENCODE3
ENCSR662EOU,hg19,ENCFF622VPB,bed narrowPeak,optimal IDR thresholded peaks,"1, 2",ENCODE3
ENCSR072GJV,hg19,ENCFF298ZJA,bed narrowPeak,optimal IDR thresholded peaks,"1, 2",ENCODE3
ENCSR841YWU,hg19,ENCFF795QZU,bed narrowPeak,optimal IDR thresholded peaks,"1, 2",ENCODE3
ENCSR423RTK,hg19,ENCFF313TUJ,bed narrowPeak,optimal IDR thresholded peaks,"1, 2",ENCODE3
ENCSR948VFL,hg19,ENCFF886VSU,bed narrowPeak,optimal IDR thresholded peaks,"1, 2",ENCODE3
ENCSR993LMB,hg19,ENCFF037KBA,bed narrowPeak,optimal IDR thresholded peaks,"1, 2",ENCODE3
ENCSR711XNY,hg19,ENCFF020GMZ,bed narrowPeak,optimal IDR thresholded peaks,"1, 2",ENCODE3
ENCSR555DCF,hg19,ENCFF922QEI,bed narrowPeak,optimal IDR thresholded peaks,"1, 2",ENCODE3
ENCSR465XQW,hg19,ENCFF567MGV,bed narrowPeak,optimal IDR thresholded peaks,"1, 2",ENCODE3
ENCSR170DNV,hg19,ENCFF449ITJ,bed narrowPeak,optimal IDR thresholded peaks,"1, 2",ENCODE3
ENCSR497IAS,hg19,ENCFF667AEK,bed narrowPeak,optimal IDR thresholded peaks,"1, 2",ENCODE3
ENCSR792IYC,hg19,ENCFF398TWC,bed narrowPeak,optimal IDR thresholded peaks,"1, 2",ENCODE3
ENCSR185QFX,hg19,ENCFF663VDP,bed narrowPeak,optimal IDR thresholded peaks,"2, 3",ENCODE3
ENCSR620DUQ,hg19,ENCFF445LQN,bed narrowPeak,optimal IDR thresholded peaks,"1, 2",ENCODE3
ENCSR822CCM,hg19,ENCFF225MPC,bed narrowPeak,optimal IDR thresholded peaks,"1, 2",ENCODE3
ENCSR213VUI,hg19,ENCFF574LA,bed narrowPeak,optimal IDR thresholded peaks,"1, 2",ENCODE3
ENCSR639IIZ,hg19,ENCFF215BXZ,bed narrowPeak,optimal IDR thresholded peaks,"1, 2",ENCODE3
ENCSR987MTA,hg19,ENCFF095GMM,bed narrowPeak,optimal IDR thresholded peaks,"4, 5",ENCODE3
ENCSR636MKU,hg19,ENCFF012JXJ,bed narrowPeak,optimal IDR thresholded peaks,"3, 4",ENCODE3
ENCSR619OUC,hg19,ENCFF753PSY,bed narrowPeak,optimal IDR thresholded peaks,"1, 2",ENCODE3
ENCSR532EMP,hg19,ENCFF545RHH,bed narrowPeak,optimal IDR thresholded peaks,"1, 2",ENCODE3
ENCSR344SBD,hg19,ENCFF538OEZ,bed narrowPeak,optimal IDR thresholded peaks,"2, 3",ENCODE3
ENCSR211LTF,hg19,ENCFF004WYV,bed narrowPeak,optimal IDR thresholded peaks,"1, 2",ENCODE3
ENCSR141PZA,hg19,ENCFF732SYV,bed narrowPeak,optimal IDR thresholded peaks,"1, 2",ENCODE3
ENCSR909GJR,hg19,ENCFF202AQ,bed narrowPeak,optimal IDR thresholded peaks,"1, 2",ENCODE3
ENCSR238QRG,hg19,ENCFF574YMJ,bed narrowPeak,optimal IDR thresholded peaks,"1, 2",ENCODE3
ENCSR605YWG,hg19,ENCFF807BXT,bed narrowPeak,optimal IDR thresholded peaks,"2, 3",ENCODE3
ENCSR934JDG,hg19,ENCFF359WMP,bed narrowPeak,optimal IDR thresholded peaks,"1, 2",ENCODE3
ENCSR710WLO,hg19,ENCFF670ZCR,bed narrowPeak,optimal IDR thresholded peaks,"1, 2",ENCODE3
ENCSR765MKZ,hg19,ENCFF482JUM,bed narrowPeak,optimal IDR thresholded peaks,"1, 2",ENCODE3
ENCSR950NAZ,hg19,ENCFF308BS,bed narrowPeak,optimal IDR thresholded peaks,"3, 4",ENCODE3
ENCSR490LWA,hg19,ENCFF272UL,bed narrowPeak,optimal IDR thresholded peaks,"1, 2",ENCODE3
ENCSR859RAO,hg19,ENCFF443TBN,bed narrowPeak,optimal IDR thresholded peaks,"1, 2",ENCODE3
ENCSR796ITY,hg19,ENCFF370ENX,bed narrowPeak,optimal IDR thresholded peaks,"1, 2",ENCODE3
ENCSR163RYW,hg19,ENCFF699WXF,bed narrowPeak,optimal IDR thresholded peaks,"1, 2",ENCODE3
ENCSR764CZW,hg19,ENCFF513RIQ,bed narrowPeak,optimal IDR thresholded peaks,"1, 2",ENCODE3
ENCSR849DFF,hg19,ENCFF667PAI,bed narrowPeak,optimal IDR thresholded peaks,"1, 2",ENCODE3
ENCSR426URK,hg19,ENCFF360BT,bed narrowPeak,optimal IDR thresholded peaks,"1, 2",ENCODE3
ENCSR019NPF,hg19,ENCFF444QQ,bed narrowPeak,optimal IDR thresholded peaks,"1, 2",ENCODE3
ENCSR718SDE,hg19,ENCFF209HKW,bed narrowPeak,optimal IDR thresholded peaks,"2, 3",ENCODE3
ENCSR237VLT,hg19,ENCFF417LEJ,bed narrowPeak,optimal IDR thresholded peaks,"1, 2",ENCODE3
ENCSR242BGR,hg19,ENCFF339GWX,bed narrowPeak,optimal IDR thresholded peaks,"1, 2",ENCODE3
ENCSR586BRJ,hg19,ENCFF078VMK,bed narrowPeak,optimal IDR thresholded peaks,"1, 2",ENCODE3
ENCSR283MWQ,hg19,ENCFF313ZNM,bed narrowPeak,optimal IDR thresholded peaks,"1, 2",ENCODE3
ENCSR728MWW,hg19,ENCFF890VXS,bed narrowPeak,optimal IDR thresholded peaks,"1, 2",ENCODE3
ENCSR096LSN,hg19,ENCFF341FT,bed narrowPeak,optimal IDR thresholded peaks,"1, 2",ENCODE3
ENCSR792MZV,hg19,ENCFF804RUY,bed narrowPeak,optimal IDR thresholded peaks,"1, 2",ENCODE3
ENCSR663WAR,hg19,ENCFF885KLR,bed narrowPeak,optimal IDR thresholded peaks,"1, 2",ENCODE3
ENCSR279KDC,hg19,ENCFF948GYC,bed narrowPeak,optimal IDR thresholded peaks,"2, 3",ENCODE3
ENCSR988LZG,hg19,ENCFF721YGQ,bed narrowPeak,optimal IDR thresholded peaks,"1, 2",ENCODE3
ENCSR004PLU,hg19,ENCFF675RNJ,bed narrowPeak,optimal IDR thresholded peaks,"1, 2",ENCODE3
ENCSR691TXI,hg19,ENCFF387YMM,bed narrowPeak,optimal IDR thresholded peaks,"1, 2",ENCODE3
ENCSR211GNP,hg19,ENCFF134HPR,bed narrowPeak,optimal IDR thresholded peaks,"1, 2",ENCODE3
ENCSR676ZEF,hg19,ENCFF612GGC,bed narrowPeak,optimal IDR thresholded peaks,"1, 2",ENCODE3
ENCSR730TBC,hg19,ENCFF763GJP,bed narrowPeak,optimal IDR thresholded peaks,"1, 2",ENCODE3
ENCSR784VUY,hg19,ENCFF193YAN,bed narrowPeak,optimal IDR thresholded peaks,"1, 2",ENCODE3
ENCSR501NSC,hg19,ENCFF957YKG,bed narrowPeak,optimal IDR thresholded peaks,"1, 2",ENCODE3
ENCSR567XAM,hg19,ENCFF641HNH,bed narrowPeak,optimal IDR thresholded peaks,"1, 2",ENCODE3
ENCSR130VQL,hg19,ENCFF322FWU,bed narrowPeak,optimal IDR thresholded peaks,"1, 2",ENCODE3
ENCSR251OVJ,hg19,ENCFF134XDY,bed narrowPeak,optimal IDR thresholded peaks,"1, 2",ENCODE3
ENCSR674SCQ,hg19,ENCFF744SVC,bed narrowPeak,optimal IDR thresholded peaks,"1, 2",ENCODE3
ENCSR504VDV,hg19,ENCFF177CIX,bed narrowPeak,optimal IDR thresholded peaks,"1, 2",ENCODE3
ENCSR249BHQ,hg19,ENCFF273TYA,bed narrowPeak,optimal IDR thresholded peaks,"1, 2",ENCODE3
ENCSR673SGK,hg19,ENCFF433BDE,bed narrowPeak,optimal IDR thresholded peaks,"1, 2",ENCODE3
ENCSR746XEG,hg19,ENCFF166FR,bed narrowPeak,optimal IDR thresholded peaks,"1, 2",ENCODE3
ENCSR184SVO,hg19,ENCFF153JOG,bed narrowPeak,optimal IDR thresholded peaks,"1, 2",ENCODE3
ENCSR338SEM,hg19,ENCFF558QMJ,bed narrowPeak,optimal IDR thresholded peaks,"1, 2",ENCODE3
ENCSR787RVK,hg19,ENCFF036YVI,bed narrowPeak,optimal IDR thresholded peaks,"1, 2",ENCODE3
ENCSR704IGU,hg19,ENCFF061HCE,bed narrowPeak,optimal IDR thresholded peaks,"1, 2",ENCODE3
ENCSR142IGM,hg19,ENCFF775MP,bed narrowPeak,optimal IDR thresholded peaks,"1, 2",ENCODE3
ENCSR772EEN,hg19,ENCFF580QGA,bed narrowPeak,optimal IDR thresholded peaks,"1, 2",ENCODE3
ENCSR547LKC,hg19,ENCFF549K,bed narrowPeak,optimal IDR thresholded peaks,"1, 2",ENCODE3
ENCSR648INT,hg19,ENCFF176NOI,bed narrowPeak,optimal IDR thresholded peaks,"1, 2",ENCODE3
ENCSR562POI,hg19,ENCFF072OVJ,bed narrowPeak,optimal IDR thresholded peaks,"1, 2",ENCODE3
ENCSR325DER,hg19,ENCFF784FIE,bed narrowPeak,optimal IDR thresholded peaks,"1, 2",ENCODE3
ENCSR502GAX,hg19,ENCFF115RUG,bed narrowPeak,optimal IDR thresholded peaks,"1, 2",ENCODE3
ENCSR582ZOA,hg19,ENCFF879VLB,bed narrowPeak,optimal IDR thresholded peaks,"1, 2",ENCODE3
ENCSR117WTM,hg19,ENCFF545DAF,bed narrowPeak,optimal IDR thresholded peaks,"1, 2",ENCODE3
ENCSR808FFI,hg19,ENCFF154KGC,bed narrowPeak,optimal IDR thresholded peaks,"1, 2",ENCODE3
ENCSR669NFS,hg19,ENCFF944GZI,bed narrowPeak,optimal IDR thresholded peaks,"3, 4",ENCODE3
ENCSR961WLZ,hg19,ENCFF095KWQ,bed narrowPeak,optimal IDR thresholded peaks,"1, 2",ENCODE3
ENCSR550HCT,hg19,ENCFF717TWA,bed narrowPeak,optimal IDR thresholded peaks,"1, 2",ENCODE3
ENCSR858FAN,hg19,ENCFF173WPK,bed narrowPeak,optimal IDR thresholded peaks,"1, 2",ENCODE3
ENCSR503DPC,hg19,ENCFF279KV,bed narrowPeak,optimal IDR thresholded peaks,"2, 3",ENCODE3
ENCSR768HOH,hg19,ENCFF834YMY,bed narrowPeak,optimal IDR thresholded peaks,"1, 2",ENCODE3
ENCSR827NWO,hg19,ENCFF070GBJ,bed narrowPeak,optimal IDR thresholded peaks,"1, 2",ENCODE3
ENCSR661AXW,hg19,ENCFF520EUT,bed narrowPeak,optimal IDR thresholded peaks,"1, 2",ENCODE3
ENCSR635NOQ,hg19,ENCFF057UHI,bed narrowPeak,optimal IDR thresholded peaks,"1, 2",ENCODE3
ENCSR731AGO,hg19,ENCFF461SHI,bed narrowPeak,optimal IDR thresholded peaks,"1, 2",ENCODE3
ENCSR041XML,hg19,ENCFF909FRA,bed narrowPeak,optimal IDR thresholded peaks,"1, 2",ENCODE3
ENCSR538RDA,hg19,ENCFF327OLE,bed narrowPeak,optimal IDR thresholded peaks,"2, 3",ENCODE3
ENCSR800QIT,hg19,ENCFF227PWE,bed narrowPeak,optimal IDR thresholded peaks,"1, 2",ENCODE3
ENCSR705ASR,hg19,ENCFF491HFW,bed narrowPeak,optimal IDR thresholded peaks,"1, 2",ENCODE3
ENCSR589SNT,hg19,ENCFF765HCW,bed narrowPeak,optimal IDR thresholded peaks,"1, 2",ENCODE3
ENCSR928KOR,hg19,ENCFF126BCK,bed narrowPeak,optimal IDR thresholded peaks,"1, 2",ENCODE3
ENCSR633EIC,hg19,ENCFF269EMM,bed narrowPeak,optimal IDR thresholded peaks,"1, 2",ENCODE3
ENCSR363XBR,hg19,ENCFF010JWV,bed narrowPeak,optimal IDR thresholded peaks,"1, 2",ENCODE3
ENCSR006GAQ,hg19,ENCFF724KWC,bed narrowPeak,optimal IDR thresholded peaks,"2, 3",ENCODE3
ENCSR707BNG,hg19,ENCFF045LTC,bed narrowPeak,optimal IDR thresholded peaks,"1, 2",ENCODE3
ENCSR596IKD,hg19,ENCFF772HOY,bed narrowPeak,optimal IDR thresholded peaks,"1, 2",ENCODE3
ENCSR559IOZ,hg19,ENCFF030UCM,bed narrowPeak,optimal IDR thresholded peaks,"1, 2",ENCODE3
ENCSR390VGH,hg19,ENCFF059ONJ,bed narrowPeak,optimal IDR thresholded peaks,"1, 2",ENCODE3
ENCSR759BDG,hg19,ENCFF396GKZ,bed narrowPeak,optimal IDR thresholded peaks,"1, 2",ENCODE3
ENCSR230PTV,hg19,ENCFF561USY,bed narrowPeak,optimal IDR thresholded peaks,"1, 2",ENCODE3
ENCSR769JRS,hg19,ENCFF942VHF,bed narrowPeak,optimal IDR thresholded peaks,"1, 2",ENCODE3
ENCSR017QBI,hg19,ENCFF775EAL,bed narrowPeak,optimal IDR thresholded peaks,"1, 2",ENCODE3
ENCSR822AHX,hg19,ENCFF653MIQ,bed narrowPeak,optimal IDR thresholded peaks,"1, 2",ENCODE3
ENCSR859BMR,hg19,ENCFF620ZDF,bed narrowPeak,optimal IDR thresholded peaks,"1, 2",ENCODE3
ENCSR418MKG,hg19,ENCFF234YTK,bed narrowPeak,optimal IDR thresholded peaks,"1, 2",ENCODE3
ENCSR564YYW,hg19,ENCFF561OI,bed narrowPeak,optimal IDR thresholded peaks,"1, 2",ENCODE3
ENCSR503VTG,hg19,ENCFF961BQJ,bed narrowPeak,optimal IDR thresholded peaks,"1, 2",ENCODE3
ENCSR290SSQ,hg19,ENCFF834ZRT,bed narrowPeak,optimal IDR thresholded peaks,"1, 2",ENCODE3
ENCSR899BKM,hg19,ENCFF955YVT,bed narrowPeak,optimal IDR thresholded peaks,"1, 2",ENCODE3
ENCSR466VYP,hg19,ENCFF044IYC,bed narrowPeak,optimal IDR thresholded peaks,"1, 2",ENCODE3
ENCSR167XFW,hg19,ENCFF333PHT,bed narrowPeak,optimal IDR thresholded peaks,"1, 2",ENCODE3
ENCSR859FDL,hg19,ENCFF643OW,bed narrowPeak,optimal IDR thresholded peaks,"1, 2",ENCODE3
ENCSR618HNF,hg19,ENCFF034GYQ,bed narrowPeak,optimal IDR thresholded peaks,"1, 2",ENCODE3
ENCSR635GTR,hg19,ENCFF619BDC,bed narrowPeak,optimal IDR thresholded peaks,"1, 2",ENCODE3
ENCSR860UHK,hg19,ENCFF788LSH,bed narrowPeak,optimal IDR thresholded peaks,"1, 2",ENCODE3
ENCSR233MWH,hg19,ENCFF981API,bed narrowPeak,optimal IDR thresholded peaks,"2, 3",ENCODE3
ENCSR909TSW,hg19,ENCFF005XPI,bed narrowPeak,optimal IDR thresholded peaks,"1, 2",ENCODE3
ENCSR841NDX,hg19,ENCFF807AKG,bed narrowPeak,optimal IDR thresholded peaks,"1, 2",ENCODE3
ENCSR993DED,hg19,ENCFF084DFH,bed narrowPeak,optimal IDR thresholded peaks,"1, 2",ENCODE3
ENCSR173ZVL,hg19,ENCFF566YUW,bed narrowPeak,optimal IDR thresholded peaks,"1, 2",ENCODE3
ENCSR664AOA,hg19,ENCFF682WUJ,bed narrowPeak,optimal IDR thresholded peaks,"1, 2",ENCODE3
ENCSR362NWP,hg19,ENCFF443EY,bed narrowPeak,optimal IDR thresholded peaks,"1, 2",ENCODE3
ENCSR231ENE,hg19,ENCFF884RA,bed narrowPeak,optimal IDR thresholded peaks,"1, 2",ENCODE3
ENCSR258SXK,hg19,ENCFF922FRH,bed narrowPeak,optimal IDR thresholded peaks,"1, 2",ENCODE3
ENCSR502NRF,hg19,ENCFF386TTQ,bed narrowPeak,optimal IDR thresholded peaks,"1, 2",ENCODE3
ENCSR680UQE,hg19,ENCFF339FFC,bed narrowPeak,optimal IDR thresholded peaks,"1, 2",ENCODE3
ENCSR725VFL,hg19,ENCFF017LZE,bed narrowPeak,optimal IDR thresholded peaks,"1, 2",ENCODE3
ENCSR715UCI,hg19,ENCFF344NKG,bed narrowPeak,optimal IDR thresholded peaks,"1, 2",ENCODE3
ENCSR096IIB,hg19,ENCFF864YJE,bed narrowPeak,optimal IDR thresholded peaks,"1, 2",ENCODE3
ENCSR412YGM,hg19,ENCFF455HXN,bed narrowPeak,optimal IDR thresholded peaks,"1, 2",ENCODE3
ENCSR028UIU,hg19,ENCFF958KNK,bed narrowPeak,optimal IDR thresholded peaks,"1, 2",ENCODE3
ENCSR343IFJ,hg19,ENCFF874QUM,bed narrowPeak,optimal IDR thresholded peaks,"1, 2",ENCODE3
ENCSR786OQY,hg19,ENCFF359QCN,bed narrowPeak,optimal IDR thresholded peaks,"1, 2",ENCODE3
ENCSR342THD,hg19,ENCFF015YHT,bed narrowPeak,optimal IDR thresholded peaks,"1, 2",ENCODE3
ENCSR441VHN,hg19,ENCFF809OOE,bed narrowPeak,optimal IDR thresholded peaks,"1, 2",ENCODE3
ENCSR761LRR,hg19,ENCFF346OZB,bed narrowPeak,optimal IDR thresholded peaks,"1, 2",ENCODE3
ENCSR670FDA,hg19,ENCFF184RRU,bed narrowPeak,optimal IDR thresholded peaks,"1, 2",ENCODE3
ENCSR832OGB,hg19,ENCFF043YZF,bed narrowPeak,optimal IDR thresholded peaks,"3, 4",ENCODE3
ENCSR514VYD,hg19,ENCFF810CEL,bed narrowPeak,optimal IDR thresholded peaks,"1, 2",ENCODE3
ENCSR024CNP,hg19,ENCFF558JBX,bed narrowPeak,optimal IDR thresholded peaks,"1, 2",ENCODE3
ENCSR784VIQ,hg19,ENCFF381SBC,bed narrowPeak,optimal IDR thresholded peaks,"1, 2",ENCODE3
ENCSR732PJX,hg19,ENCFF317VBQ,bed narrowPeak,optimal IDR thresholded peaks,"1, 2",ENCODE3
ENCSR680OFU,hg19,ENCFF784YVX,bed narrowPeak,optimal IDR thresholded peaks,"1, 2",ENCODE3
ENCSR120MPG,hg19,ENCFF294HEI,bed narrowPeak,optimal IDR thresholded peaks,"1, 2",ENCODE3
ENCSR894SXR,hg19,ENCFF949EAE,bed narrowPeak,optimal IDR thresholded peaks,"1, 2",ENCODE3
ENCSR000BTR,hg19,ENCFF532YDL,bed narrowPeak,optimal IDR thresholded peaks,"1, 2",ENCODE3
ENCSR000AOA,hg19,ENCFF768OPK,bed narrowPeak,optimal IDR thresholded peaks,"1, 2",ENCODE3
