project,genome,file_accession,type,output_type,replicates,pipe,Target,Biosample
ENCSR647PJW,hg19,ENCFF757ODD,bed narrowPeak,optimal IDR thresholded peaks,"1, 2",ENCODE3,SFPQ,K562
ENCSR421QXA,hg19,ENCFF086VOQ,bed narrowPeak,optimal IDR thresholded peaks,"1, 2",ENCODE3,ZNF571,HEK293
ENCSR598TIR,hg19,ENCFF834WGJ,bed narrowPeak,optimal IDR thresholded peaks,"1, 2",ENCODE3,ZNF507,K562
ENCSR760UVO,hg19,ENCFF844HBQ,bed narrowPeak,optimal IDR thresholded peaks,"1, 2",ENCODE3,KLF16,K562
ENCSR157CEN,hg19,ENCFF802CPZ,bed narrowPeak,optimal IDR thresholded peaks,"1, 2",ENCODE3,ZNF205,HepG2
ENCSR000BLI,hg19,ENCFF917COW,bed narrowPeak,optimal IDR thresholded peaks,"1, 2",ENCODE3,E2F6,K562
ENCSR528PSI,hg19,ENCFF624SFC,bed narrowPeak,optimal IDR thresholded peaks,"1, 2",ENCODE3,HLF,HepG2
ENCSR000ECX,hg19,ENCFF002CTC,bed narrowPeak,optimal IDR thresholded peaks,,Lab,RFX5,HeLa-S3
ENCSR000ECY,hg19,ENCFF002CTA,bed narrowPeak,optimal IDR thresholded peaks,,Lab,PRDM1,HeLa-S3
ENCSR000EFY,hg19,ENCFF835KAT,bed narrowPeak,optimal IDR thresholded peaks,"1, 2",ENCODE3,ARID3A,K562
ENCSR000EFV,hg19,ENCFF799HIG,bed narrowPeak,optimal IDR thresholded peaks,"1, 2",ENCODE3,MAX,K562
ENCSR000EDA,hg19,ENCFF002CSA,bed narrowPeak,optimal IDR thresholded peaks,,Lab,CEBPB,HeLa-S3
ENCSR000BGZ,hg19,ENCFF160WLU,bed narrowPeak,optimal IDR thresholded peaks,"1, 2",ENCODE3,TCF12,GM12878
ENCSR000BQK,hg19,ENCFF609KOY,bed narrowPeak,optimal IDR thresholded peaks,"1, 2",ENCODE3,ATF2,GM12878
ENCSR226QQM,hg19,ENCFF718ERC,bed narrowPeak,optimal IDR thresholded peaks,"1, 2",ENCODE3,NFIA,HepG2
ENCSR000AVA,hg19,ENCFF628RLE,bed narrowPeak,optimal IDR thresholded peaks,"1, 2",ENCODE3,CHD7,H1
ENCSR666QNP,hg19,ENCFF079MKQ,bed narrowPeak,optimal IDR thresholded peaks,"1, 2",ENCODE3,TEAD3,HepG2
ENCSR031URL,hg19,ENCFF845GIK,bed narrowPeak,optimal IDR thresholded peaks,"1, 2",ENCODE3,XRCC5,HepG2
ENCSR000EVR,hg19,ENCFF002CVA,bed narrowPeak,optimal IDR thresholded peaks,,Lab,ZNF274,HepG2
ENCSR000BHU,hg19,ENCFF964JXI,bed narrowPeak,optimal IDR thresholded peaks,"1, 2",ENCODE3,RXRA,HepG2
ENCSR461ZJT,hg19,ENCFF545SII,bed narrowPeak,optimal IDR thresholded peaks,"1, 2",ENCODE3,ZNF501,HEK293
ENCSR000BRI,hg19,ENCFF248QFF,bed narrowPeak,optimal IDR thresholded peaks,"1, 2",ENCODE3,RUNX3,GM12878
ENCSR000DNZ,hg19,ENCFF002CVM,bed narrowPeak,optimal IDR thresholded peaks,,Lab,ATF1,K562
ENCSR015TKV,hg19,ENCFF052YIL,bed narrowPeak,optimal IDR thresholded peaks,"1, 2",ENCODE3,BCLAF1,HepG2
ENCSR985MYI,hg19,ENCFF852EYA,bed narrowPeak,optimal IDR thresholded peaks,"2, 3",ENCODE3,ZNF114,HEK293
ENCSR072PWP,hg19,ENCFF103OOV,bed narrowPeak,optimal IDR thresholded peaks,"1, 2",ENCODE3,ZNF24,GM12878
ENCSR109ODF,hg19,ENCFF902IMW,bed narrowPeak,optimal IDR thresholded peaks,"1, 2",ENCODE3,HES1,MCF-7
ENCSR000BNK,hg19,ENCFF962FQM,bed narrowPeak,optimal IDR thresholded peaks,"1, 2",ENCODE3,CTCFL,K562
ENCSR861JUQ,hg19,ENCFF980KSV,bed narrowPeak,optimal IDR thresholded peaks,"1, 2",ENCODE3,FOXK2,GM12878
ENCSR000EEE,hg19,ENCFF319IEF,bed narrowPeak,optimal IDR thresholded peaks,"1, 2",ENCODE3,CEBPB,HepG2
ENCSR000DZI,hg19,ENCFF079ZWK,bed narrowPeak,optimal IDR thresholded peaks,"1, 2",ENCODE3,MXI1,GM12878
ENCSR000EGM,hg19,ENCFF738TKN,bed narrowPeak,optimal IDR thresholded peaks,"1, 2",ENCODE3,CTCF,K562
ENCSR492LTS,hg19,ENCFF462CPT,bed narrowPeak,optimal IDR thresholded peaks,"1, 2",ENCODE3,BCLAF1,K562
ENCSR785UCD,hg19,ENCFF806GXB,bed narrowPeak,optimal IDR thresholded peaks,"1, 2",ENCODE3,ZNF8,MCF-7
ENCSR000DNY,hg19,ENCFF002CTL,bed narrowPeak,optimal IDR thresholded peaks,,Lab,GTF3C2,HeLa-S3
ENCSR000DZO,hg19,ENCFF931XAL,bed narrowPeak,optimal IDR thresholded peaks,"1, 2",ENCODE3,NRF1,GM12878
ENCSR000EVN,hg19,ENCFF002CTM,bed narrowPeak,optimal IDR thresholded peaks,,Lab,NR2C2,HeLa-S3
ENCSR000EUN,hg19,ENCFF365JMJ,bed narrowPeak,optimal IDR thresholded peaks,"1, 2",ENCODE3,ZNF274,H1
ENCSR558OMR,hg19,ENCFF049ZOP,bed narrowPeak,optimal IDR thresholded peaks,"1, 2",ENCODE3,TFDP1,HepG2
ENCSR372JXR,hg19,ENCFF390OIH,bed narrowPeak,optimal IDR thresholded peaks,"1, 2",ENCODE3,ZNF511,HepG2
ENCSR315NNL,hg19,ENCFF602FRL,bed narrowPeak,optimal IDR thresholded peaks,"1, 3",ENCODE3,CHAMP1,K562
ENCSR000EGZ,hg19,ENCFF970LCB,bed narrowPeak,optimal IDR thresholded peaks,"1, 2",ENCODE3,MXI1,K562
ENCSR000DYY,hg19,ENCFF433PFN,bed narrowPeak,optimal IDR thresholded peaks,"1, 2",ENCODE3,E2F4,GM12878
ENCSR949NVY,hg19,ENCFF708BTH,bed narrowPeak,optimal IDR thresholded peaks,"1, 2",ENCODE3,ZNF639,K562
ENCSR000EBY,hg19,ENCFF569IGP,bed narrowPeak,optimal IDR thresholded peaks,"1, 2",ENCODE3,MYC,H1
ENCSR000EEI,hg19,ENCFF085GOJ,bed narrowPeak,optimal IDR thresholded peaks,"1, 2",ENCODE3,JUND,HepG2
ENCSR701AQS,hg19,ENCFF162RSN,bed narrowPeak,optimal IDR thresholded peaks,"1, 2",ENCODE3,ZNF592,MCF-7
ENCSR000EVL,hg19,ENCFF002CSH,bed narrowPeak,optimal IDR thresholded peaks,,Lab,E2F4,HeLa-S3
ENCSR720HUL,hg19,ENCFF106DAY,bed narrowPeak,optimal IDR thresholded peaks,"1, 2",ENCODE3,E2F1,K562
ENCSR125DAD,hg19,ENCFF522XCQ,bed narrowPeak,optimal IDR thresholded peaks,"1, 2",ENCODE3,MLX,HepG2
ENCSR000DZD,hg19,ENCFF222XPQ,bed narrowPeak,optimal IDR thresholded peaks,"1, 2",ENCODE3,EP300,GM12878
ENCSR516VQK,hg19,ENCFF768EYB,bed narrowPeak,optimal IDR thresholded peaks,"1, 2",ENCODE3,ZNF174,HEK293
ENCSR898XMH,hg19,ENCFF396DNK,bed narrowPeak,optimal IDR thresholded peaks,"1, 2",ENCODE3,ZFP91,K562
ENCSR000EUP,hg19,ENCFF668VNS,bed narrowPeak,optimal IDR thresholded peaks,"1, 2",ENCODE3,MAX,H1
ENCSR000DZZ,hg19,ENCFF490VYC,bed narrowPeak,optimal IDR thresholded peaks,"1, 2",ENCODE3,TBP,GM12878
ENCSR000BMV,hg19,ENCFF473GCH,bed narrowPeak,optimal IDR thresholded peaks,"1, 2",ENCODE3,FOSL1,K562
ENCSR000BNI,hg19,ENCFF002ROJ,bed narrowPeak,optimal IDR thresholded peaks,"1, 2",ENCODE3,FOXA2,HepG2
ENCSR000EVI,hg19,ENCFF002CSK,bed narrowPeak,optimal IDR thresholded peaks,,Lab,ELK4,HeLa-S3
ENCSR000EFS,hg19,ENCFF629BFI,bed narrowPeak,optimal IDR thresholded peaks,"1, 2",ENCODE3,JUN,K562
ENCSR030TJP,hg19,ENCFF526HLP,bed narrowPeak,optimal IDR thresholded peaks,"1, 2",ENCODE3,DACH1,K562
ENCSR000EVK,hg19,ENCFF002CSI,bed narrowPeak,optimal IDR thresholded peaks,,Lab,E2F6,HeLa-S3
ENCSR171CAY,hg19,ENCFF310AGG,bed narrowPeak,optimal IDR thresholded peaks,"1, 2",ENCODE3,E2F7,K562
ENCSR000EFP,hg19,ENCFF706SJZ,bed narrowPeak,optimal IDR thresholded peaks,"1, 2",ENCODE3,ZNF384,K562
ENCSR000EGR,hg19,ENCFF012VES,bed narrowPeak,optimal IDR thresholded peaks,"1, 2",ENCODE3,NFYA,K562
ENCSR000BHA,hg19,ENCFF468MFY,bed narrowPeak,optimal IDR thresholded peaks,"1, 2",ENCODE3,BCL11A,GM12878
ENCSR000EVY,hg19,ENCFF591BIT,bed narrowPeak,optimal IDR thresholded peaks,"1, 2",ENCODE3,TRIM28,K562
ENCSR000EEA,hg19,ENCFF933GHY,bed narrowPeak,optimal IDR thresholded peaks,"1, 2",ENCODE3,RFX5,HepG2
ENCSR854ORP,hg19,ENCFF512YNV,bed narrowPeak,optimal IDR thresholded peaks,"1, 2",ENCODE3,ZNF350,HEK293
ENCSR000BRS,hg19,ENCFF255EOB,bed narrowPeak,optimal IDR thresholded peaks,"1, 2",ENCODE3,NR2F2,K562
ENCSR000FAI,hg19,ENCFF002CVW,bed narrowPeak,optimal IDR thresholded peaks,,Lab,FOS,K562
ENCSR512NLO,hg19,ENCFF567GSX,bed narrowPeak,optimal IDR thresholded peaks,"1, 2",ENCODE3,MNT,K562
ENCSR000BJG,hg19,ENCFF940BIM,bed narrowPeak,optimal IDR thresholded peaks,"1, 2",ENCODE3,TCF12,HepG2
ENCSR332EYT,hg19,ENCFF817QHW,bed narrowPeak,optimal IDR thresholded peaks,"1, 2",ENCODE3,STAT1,GM12878
ENCSR000BQS,hg19,ENCFF677KJB,bed narrowPeak,optimal IDR thresholded peaks,"1, 2",ENCODE3,REST,GM12878
ENCSR000EEK,hg19,ENCFF121UYS,bed narrowPeak,optimal IDR thresholded peaks,"1, 2",ENCODE3,JUN,HepG2
ENCSR618GDK,hg19,ENCFF925MHB,bed narrowPeak,optimal IDR thresholded peaks,"1, 4",ENCODE3,CEBPZ,K562
ENCSR417DKD,hg19,ENCFF839EPV,bed narrowPeak,optimal IDR thresholded peaks,"1, 2",ENCODE3,NFXL1,MCF-7
ENCSR882ERE,hg19,ENCFF163VUK,bed narrowPeak,optimal IDR thresholded peaks,"1, 2",ENCODE3,ZKSCAN1,K562
ENCSR000DNQ,hg19,ENCFF310XJC,bed narrowPeak,optimal IDR thresholded peaks,"1, 2",ENCODE3,ZZZ3,GM12878
ENCSR000EDD,hg19,ENCFF002CTI,bed narrowPeak,optimal IDR thresholded peaks,,Lab,TBP,HeLa-S3
ENCSR000ECD,hg19,ENCFF749OBU,bed narrowPeak,optimal IDR thresholded peaks,"1, 2",ENCODE3,USF2,H1
ENCSR241LIH,hg19,ENCFF076MSV,bed narrowPeak,optimal IDR thresholded peaks,"1, 2",ENCODE3,AFF1,K562
ENCSR137ZMQ,hg19,ENCFF895QLA,bed narrowPeak,optimal IDR thresholded peaks,"1, 2",ENCODE3,REST,K562
ENCSR473SUA,hg19,ENCFF266ORV,bed narrowPeak,optimal IDR thresholded peaks,"1, 2",ENCODE3,ESRRA,A549
ENCSR000EDC,hg19,ENCFF002CTH,bed narrowPeak,optimal IDR thresholded peaks,,Lab,STAT3,HeLa-S3
ENCSR000BNE,hg19,ENCFF182QDI,bed narrowPeak,optimal IDR thresholded peaks,"1, 2",ENCODE3,EGR1,K562
ENCSR000BKT,hg19,ENCFF334FMW,bed narrowPeak,optimal IDR thresholded peaks,"1, 2",ENCODE3,USF1,K562
ENCSR000EWG,hg19,ENCFF732HOE,bed narrowPeak,optimal IDR thresholded peaks,"1, 2",ENCODE3,GATA2,K562
ENCSR000BGX,hg19,ENCFF002CMM,bed narrowPeak,optimal IDR thresholded peaks,,Lab,SIX5,K562
ENCSR000ECW,hg19,ENCFF002CTN,bed narrowPeak,optimal IDR thresholded peaks,,Lab,USF2,HeLa-S3
ENCSR000DYI,hg19,ENCFF243NQJ,bed narrowPeak,optimal IDR thresholded peaks,"1, 2",ENCODE3,CEBPB,A549
ENCSR000EEL,hg19,ENCFF584CNF,bed narrowPeak,optimal IDR thresholded peaks,"1, 2",ENCODE3,TBP,HepG2
ENCSR557RVF,hg19,ENCFF195ODE,bed narrowPeak,optimal IDR thresholded peaks,"1, 3",ENCODE3,ZHX1,K562
ENCSR000EGJ,hg19,ENCFF465JKF,bed narrowPeak,optimal IDR thresholded peaks,"1, 2",ENCODE3,MYC,K562
ENCSR407BEZ,hg19,ENCFF974OIC,bed narrowPeak,optimal IDR thresholded peaks,"1, 2",ENCODE3,ZHX2,HepG2
ENCSR000DWH,hg19,ENCFF414FWV,bed narrowPeak,optimal IDR thresholded peaks,"1, 2",ENCODE3,CTCF,MCF-7
ENCSR000BKP,hg19,ENCFF073PCP,bed narrowPeak,optimal IDR thresholded peaks,"1, 2",ENCODE3,JUND,H1
ENCSR000EWM,hg19,ENCFF659WGE,bed narrowPeak,optimal IDR thresholded peaks,"1, 2",ENCODE3,GATA1,K562
ENCSR000BGR,hg19,ENCFF717IXP,bed narrowPeak,optimal IDR thresholded peaks,"1, 2",ENCODE3,PBX3,GM12878
ENCSR000EZD,hg19,ENCFF950LQM,bed narrowPeak,optimal IDR thresholded peaks,"1, 2",ENCODE3,MYC,HeLa-S3
ENCSR000BJX,hg19,ENCFF741WKY,bed narrowPeak,optimal IDR thresholded peaks,"1, 2",ENCODE3,SP1,HepG2
ENCSR000EDO,hg19,ENCFF208AFB,bed narrowPeak,optimal IDR thresholded peaks,"1, 2",ENCODE3,CEBPZ,HepG2
ENCSR000EDU,hg19,ENCFF002CUL,bed narrowPeak,optimal IDR thresholded peaks,,Lab,MXI1,HepG2
ENCSR000EBS,hg19,ENCFF646GCM,bed narrowPeak,optimal IDR thresholded peaks,"1, 2",ENCODE3,MAFK,H1
ENCSR000DZA,hg19,ENCFF066XDW,bed narrowPeak,optimal IDR thresholded peaks,"1, 2",ENCODE3,MAZ,GM12878
ENCSR000EVB,hg19,ENCFF002CRM,bed narrowPeak,optimal IDR thresholded peaks,,Lab,ELK4,HEK293
ENCSR000EDQ,hg19,ENCFF706RIA,bed narrowPeak,optimal IDR thresholded peaks,"1, 2",ENCODE3,RCOR1,HepG2
ENCSR998AJK,hg19,ENCFF493ABN,bed narrowPeak,optimal IDR thresholded peaks,"1, 2",ENCODE3,NRF1,K562
ENCSR000EDT,hg19,ENCFF108RWG,bed narrowPeak,optimal IDR thresholded peaks,"1, 2",ENCODE3,BHLHE40,HepG2
ENCSR000DZW,hg19,ENCFF402FYF,bed narrowPeak,optimal IDR thresholded peaks,"1, 2",ENCODE3,RFX5,GM12878
ENCSR000ECU,hg19,ENCFF002CST,bed narrowPeak,optimal IDR thresholded peaks,,Lab,MXI1,HeLa-S3
ENCSR000BGU,hg19,ENCFF394DLH,bed narrowPeak,optimal IDR thresholded peaks,"1, 2",ENCODE3,EBF1,GM12878
ENCSR000AKB,hg19,ENCFF833FTF,bed narrowPeak,optimal IDR thresholded peaks,"1, 2",ENCODE3,CTCF,GM12878
ENCSR000EHE,hg19,ENCFF429XKT,bed narrowPeak,optimal IDR thresholded peaks,"1, 2",ENCODE3,CEBPB,K562
ENCSR000ECK,hg19,ENCFF405BKG,bed narrowPeak,optimal IDR thresholded peaks,"1, 2",ENCODE3,MAFK,HeLa-S3
ENCSR000BKB,hg19,ENCFF328QLX,bed narrowPeak,optimal IDR thresholded peaks,"1, 2",ENCODE3,MEF2A,GM12878
ENCSR076YPO,hg19,ENCFF972LPT,bed narrowPeak,optimal IDR thresholded peaks,"1, 2",ENCODE3,RNF2,K562
ENCSR000BLE,hg19,ENCFF553PWA,bed narrowPeak,optimal IDR thresholded peaks,"1, 2",ENCODE3,FOXA1,HepG2
ENCSR000BNG,hg19,ENCFF261ZWR,bed narrowPeak,optimal IDR thresholded peaks,"1, 2",ENCODE3,MEF2C,GM12878
ENCSR000DNV,hg19,ENCFF002CRY,bed narrowPeak,optimal IDR thresholded peaks,,Lab,BRF2,HeLa-S3
ENCSR000EDP,hg19,ENCFF514OYL,bed narrowPeak,optimal IDR thresholded peaks,"1, 2",ENCODE3,ARID3A,HepG2
ENCSR000DMJ,hg19,ENCFF021KDL,bed narrowPeak,optimal IDR thresholded peaks,"1, 2",ENCODE3,MYC,MCF-7
ENCSR000BUA,hg19,ENCFF654KAP,bed narrowPeak,optimal IDR thresholded peaks,"1, 2",ENCODE3,EP300,SK-N-SH
ENCSR000DPF,hg19,ENCFF944VAE,bed narrowPeak,optimal IDR thresholded peaks,"1, 2",ENCODE3,CTCF,A549
ENCSR000BOT,hg19,ENCFF854KPC,bed narrowPeak,optimal IDR thresholded peaks,"1, 2",ENCODE3,REST,HepG2
ENCSR000DJW,hg19,ENCFF030QEM,bed narrowPeak,optimal IDR thresholded peaks,"1, 2",ENCODE3,NR4A1,K562
ENCSR000EGP,hg19,ENCFF114IWY,bed narrowPeak,optimal IDR thresholded peaks,"1, 2",ENCODE3,ZNF143,K562
ENCSR000BRK,hg19,ENCFF209MQX,bed narrowPeak,optimal IDR thresholded peaks,"1, 2",ENCODE3,TEAD4,K562
ENCSR000ECV,hg19,ENCFF002CSX,bed narrowPeak,optimal IDR thresholded peaks,,Lab,EP300,HeLa-S3
ENCSR000EDN,hg19,ENCFF421SEJ,bed narrowPeak,optimal IDR thresholded peaks,"1, 2",ENCODE3,MAZ,HepG2
ENCSR000DZX,hg19,ENCFF303TVZ,bed narrowPeak,optimal IDR thresholded peaks,"1, 2",ENCODE3,IRF3,GM12878
ENCSR000DZU,hg19,ENCFF372DRC,bed narrowPeak,optimal IDR thresholded peaks,"1, 2",ENCODE3,USF2,GM12878
ENCSR000EWF,hg19,ENCFF557DSM,bed narrowPeak,optimal IDR thresholded peaks,"1, 2",ENCODE3,YY1,K562
ENCSR000ECO,hg19,ENCFF002CTP,bed narrowPeak,optimal IDR thresholded peaks,,Lab,ZNF143,HeLa-S3
ENCSR000BNA,hg19,ENCFF557KGA,bed narrowPeak,optimal IDR thresholded peaks,"1, 2",ENCODE3,ZBTB33,HepG2
ENCSR124BJR,hg19,ENCFF660VPM,bed narrowPeak,optimal IDR thresholded peaks,"1, 2",ENCODE3,ETV6,K562
ENCSR103SZL,hg19,ENCFF712NYW,bed narrowPeak,optimal IDR thresholded peaks,"1, 2",ENCODE3,TFAP4,HepG2
ENCSR000EUY,hg19,ENCFF002CRP,bed narrowPeak,optimal IDR thresholded peaks,,Lab,TCF7L2,HEK293
ENCSR376WCJ,hg19,ENCFF384YDT,bed narrowPeak,optimal IDR thresholded peaks,"1, 3",ENCODE3,IRF2,K562
ENCSR000DYV,hg19,ENCFF689AXJ,bed narrowPeak,optimal IDR thresholded peaks,"1, 2",ENCODE3,MAFK,GM12878
ENCSR000EFO,hg19,ENCFF517YCC,bed narrowPeak,optimal IDR thresholded peaks,"1, 2",ENCODE3,CUX1,K562
ENCSR626VUC,hg19,ENCFF760IFZ,bed narrowPeak,optimal IDR thresholded peaks,"1, 2",ENCODE3,ETV6,GM12878
ENCSR523XCR,hg19,ENCFF355ARZ,bed narrowPeak,optimal IDR thresholded peaks,"1, 3",ENCODE3,RNF2,HepG2
ENCSR638QHV,hg19,ENCFF502KHR,bed narrowPeak,optimal IDR thresholded peaks,"1, 2",ENCODE3,ELF4,K562
ENCSR974OFJ,hg19,ENCFF827ZLB,bed narrowPeak,optimal IDR thresholded peaks,"1, 2",ENCODE3,KLF5,GM12878
ENCSR000EIC,hg19,ENCFF861DPF,bed narrowPeak,optimal IDR thresholded peaks,"1, 2",ENCODE3,CTCF,SK-N-SH
ENCSR331HPA,hg19,ENCFF116EXQ,bed narrowPeak,optimal IDR thresholded peaks,"1, 2",ENCODE3,GABPA,GM12878
ENCSR488EES,hg19,ENCFF297BXM,bed narrowPeak,optimal IDR thresholded peaks,"1, 2",ENCODE3,NFE2L2,HepG2
ENCSR555PBN,hg19,ENCFF298VCE,bed narrowPeak,optimal IDR thresholded peaks,"1, 2",ENCODE3,MAFK,MCF-7
ENCSR000EDH,hg19,ENCFF002CSP,bed narrowPeak,optimal IDR thresholded peaks,,Lab,JUND,HeLa-S3
ENCSR000DNN,hg19,ENCFF414JLN,bed narrowPeak,optimal IDR thresholded peaks,"1, 2",ENCODE3,NFYA,GM12878
ENCSR000BMD,hg19,ENCFF564WEB,bed narrowPeak,optimal IDR thresholded peaks,"1, 2",ENCODE3,ELF1,K562
ENCSR000BSK,hg19,ENCFF598ZLV,bed narrowPeak,optimal IDR thresholded peaks,"1, 2",ENCODE3,JUND,SK-N-SH
ENCSR618ICR,hg19,ENCFF319HLW,bed narrowPeak,optimal IDR thresholded peaks,"1, 2",ENCODE3,RCOR1,A549
ENCSR897MYK,hg19,ENCFF315VQM,bed narrowPeak,optimal IDR thresholded peaks,"2, 3",ENCODE3,SREBF1,A549
ENCSR945NFL,hg19,ENCFF617AHB,bed narrowPeak,optimal IDR thresholded peaks,"1, 2",ENCODE3,USF2,SK-N-SH
ENCSR851BNE,hg19,ENCFF613RNG,bed narrowPeak,optimal IDR thresholded peaks,"1, 2",ENCODE3,MEIS2,K562
ENCSR000EWX,hg19,ENCFF002CZL,bed narrowPeak,optimal IDR thresholded peaks,,Lab,E2F1,MCF-7
ENCSR000EGI,hg19,ENCFF308IXJ,bed narrowPeak,optimal IDR thresholded peaks,"1, 2",ENCODE3,MAFF,K562
ENCSR064LJN,hg19,ENCFF053TBK,bed narrowPeak,optimal IDR thresholded peaks,"2, 3",ENCODE3,RFX5,A549
ENCSR000BRY,hg19,ENCFF002CJR,bed narrowPeak,optimal IDR thresholded peaks,,Lab,TEAD4,H1
ENCSR000BJJ,hg19,ENCFF946MYA,bed narrowPeak,optimal IDR thresholded peaks,"1, 2",ENCODE3,REST,SK-N-SH
ENCSR000BJA,hg19,ENCFF220IXP,bed narrowPeak,optimal IDR thresholded peaks,"1, 2",ENCODE3,EGR1,H1
ENCSR000DNR,hg19,ENCFF002CSV,bed narrowPeak,optimal IDR thresholded peaks,,Lab,NFYB,HeLa-S3
ENCSR302AWT,hg19,ENCFF248VHN,bed narrowPeak,optimal IDR thresholded peaks,"1, 2",ENCODE3,FOXK2,K562
ENCSR000DYS,hg19,ENCFF556PIY,bed narrowPeak,optimal IDR thresholded peaks,"1, 2",ENCODE3,JUND,GM12878
ENCSR000EIA,hg19,ENCFF265QRY,bed narrowPeak,optimal IDR thresholded peaks,"1, 2",ENCODE3,MXI1,SK-N-SH
ENCSR000EEC,hg19,ENCFF684ASX,bed narrowPeak,optimal IDR thresholded peaks,"1, 2",ENCODE3,MAFF,HepG2
ENCSR000ECB,hg19,ENCFF629MBV,bed narrowPeak,optimal IDR thresholded peaks,"1, 2",ENCODE3,TBP,H1
ENCSR000EBQ,hg19,ENCFF977MDK,bed narrowPeak,optimal IDR thresholded peaks,"1, 2",ENCODE3,BACH1,H1
ENCSR948QLZ,hg19,ENCFF484DKT,bed narrowPeak,optimal IDR thresholded peaks,"1, 2",ENCODE3,CBX1,K562
ENCSR000BGM,hg19,ENCFF684BLN,bed narrowPeak,optimal IDR thresholded peaks,"1, 2",ENCODE3,USF1,HepG2
ENCSR000EFZ,hg19,ENCFF671DOL,bed narrowPeak,optimal IDR thresholded peaks,"1, 2",ENCODE3,UBTF,K562
ENCSR000EVE,hg19,ENCFF002CTK,bed narrowPeak,optimal IDR thresholded peaks,,Lab,TCF7L2,HeLa-S3
ENCSR000ECL,hg19,ENCFF002CSS,bed narrowPeak,optimal IDR thresholded peaks,,Lab,MAZ,HeLa-S3
ENCSR707IUN,hg19,ENCFF712LMP,bed narrowPeak,optimal IDR thresholded peaks,"1, 2",ENCODE3,NFE2L2,HeLa-S3
ENCSR928API,hg19,ENCFF507RHE,bed narrowPeak,optimal IDR thresholded peaks,"2, 3",ENCODE3,RFX1,HepG2
ENCSR062HDL,hg19,ENCFF836HHL,bed narrowPeak,optimal IDR thresholded peaks,"1, 2",ENCODE3,HSF1,MCF-7
ENCSR788RSW,hg19,ENCFF241TBP,bed narrowPeak,optimal IDR thresholded peaks,"1, 2",ENCODE3,SOX6,K562
ENCSR000EHA,hg19,ENCFF380FJL,bed narrowPeak,optimal IDR thresholded peaks,"1, 2",ENCODE3,TBP,K562
ENCSR636YLV,hg19,ENCFF288UUU,bed narrowPeak,optimal IDR thresholded peaks,"2, 3",ENCODE3,MAZ,A549
ENCSR907JPB,hg19,ENCFF597DIY,bed narrowPeak,optimal IDR thresholded peaks,"1, 2",ENCODE3,ZMIZ1,K562
ENCSR541WQI,hg19,ENCFF530ZTE,bed narrowPeak,optimal IDR thresholded peaks,"2, 3",ENCODE3,MAFK,A549
ENCSR041AXL,hg19,ENCFF237UAN,bed narrowPeak,optimal IDR thresholded peaks,"1, 2",ENCODE3,RFX1,K562
ENCSR695EQB,hg19,ENCFF340PPI,bed narrowPeak,optimal IDR thresholded peaks,"1, 2",ENCODE3,ZNF24,K562
ENCSR126YEB,hg19,ENCFF596OJV,bed narrowPeak,optimal IDR thresholded peaks,"1, 2",ENCODE3,FOXA1,MCF-7
ENCSR954WVZ,hg19,ENCFF044NEB,bed narrowPeak,optimal IDR thresholded peaks,"1, 2",ENCODE3,ESRRA,MCF-7
ENCSR189PYJ,hg19,ENCFF011KRN,bed narrowPeak,optimal IDR thresholded peaks,"1, 2",ENCODE3,SMAD2,K562
ENCSR157CAU,hg19,ENCFF614VFL,bed narrowPeak,optimal IDR thresholded peaks,"1, 3",ENCODE3,ZKSCAN1,HepG2
ENCSR782WRO,hg19,ENCFF048OIZ,bed narrowPeak,optimal IDR thresholded peaks,"1, 2",ENCODE3,"COMMD3-BMI1,BMI1",K562
ENCSR584GHV,hg19,ENCFF654YPN,bed narrowPeak,optimal IDR thresholded peaks,"1, 2",ENCODE3,NFE2L2,A549
ENCSR286PCG,hg19,ENCFF253FON,bed narrowPeak,optimal IDR thresholded peaks,"1, 2",ENCODE3,ZBED1,K562
ENCSR638QYO,hg19,ENCFF849UJR,bed narrowPeak,optimal IDR thresholded peaks,"2, 3",ENCODE3,SREBF2,A549
ENCSR038DJJ,hg19,ENCFF315YAF,bed narrowPeak,optimal IDR thresholded peaks,"1, 2",ENCODE3,SMAD1,K562
ENCSR996DUT,hg19,ENCFF708LCH,bed narrowPeak,optimal IDR thresholded peaks,"1, 2",ENCODE3,JUN,A549
ENCSR486IFJ,hg19,ENCFF213EPU,bed narrowPeak,optimal IDR thresholded peaks,"1, 2",ENCODE3,ESRRA,K562
ENCSR000BIR,hg19,ENCFF317TBZ,bed narrowPeak,optimal IDR thresholded peaks,"1, 2",ENCODE3,SP1,H1
ENCSR986CDX,hg19,ENCFF581YKY,bed narrowPeak,optimal IDR thresholded peaks,"1, 2",ENCODE3,NEUROD1,K562
ENCSR000BHP,hg19,ENCFF395KPJ,bed narrowPeak,optimal IDR thresholded peaks,"1, 2",ENCODE3,FOSL2,HepG2
ENCSR000BLW,hg19,ENCFF547POU,bed narrowPeak,optimal IDR thresholded peaks,"1, 2",ENCODE3,EP300,HepG2
ENCSR887MXT,hg19,ENCFF708OJJ,bed narrowPeak,optimal IDR thresholded peaks,"1, 2",ENCODE3,ZHX1,HeLa-S3
ENCSR000BGT,hg19,ENCFF593FBF,bed narrowPeak,optimal IDR thresholded peaks,"1, 2",ENCODE3,BATF,GM12878
ENCSR000BNU,hg19,ENCFF475TQE,bed narrowPeak,optimal IDR thresholded peaks,"1, 2",ENCODE3,ATF3,K562
ENCSR000EGQ,hg19,ENCFF113PMT,bed narrowPeak,optimal IDR thresholded peaks,"1, 2",ENCODE3,NFYB,K562
ENCSR991ELG,hg19,ENCFF300XUA,bed narrowPeak,optimal IDR thresholded peaks,"1, 2",ENCODE3,SP1,K562
ENCSR000DOC,hg19,ENCFF002CVS,bed narrowPeak,optimal IDR thresholded peaks,,Lab,BRF2,K562
ENCSR681NOM,hg19,ENCFF761MGJ,bed narrowPeak,optimal IDR thresholded peaks,"1, 2",ENCODE3,CEBPB,GM12878
ENCSR000FCD,hg19,ENCFF178MOP,bed narrowPeak,optimal IDR thresholded peaks,"1, 2",ENCODE3,SMAD5,K562
ENCSR623KNM,hg19,ENCFF282AEY,bed narrowPeak,optimal IDR thresholded peaks,"1, 3",ENCODE3,ELK1,A549
ENCSR000EGV,hg19,ENCFF179NDS,bed narrowPeak,optimal IDR thresholded peaks,"1, 2",ENCODE3,BHLHE40,K562
ENCSR000ECC,hg19,ENCFF508IBP,bed narrowPeak,optimal IDR thresholded peaks,"1, 2",ENCODE3,NRF1,H1
ENCSR000ECA,hg19,ENCFF402ELS,bed narrowPeak,optimal IDR thresholded peaks,"1, 2",ENCODE3,JUN,H1
ENCSR000DZF,hg19,ENCFF083KVY,bed narrowPeak,optimal IDR thresholded peaks,"1, 2",ENCODE3,MAX,GM12878
ENCSR000EVG,hg19,ENCFF002CTQ,bed narrowPeak,optimal IDR thresholded peaks,,Lab,ZNF274,HeLa-S3
ENCSR000BGY,hg19,ENCFF391DVL,bed narrowPeak,optimal IDR thresholded peaks,"1, 2",ENCODE3,IRF4,GM12878
ENCSR000EZE,hg19,ENCFF002CSB,bed narrowPeak,optimal IDR thresholded peaks,,Lab,FOS,HeLa-S3
ENCSR000DZV,hg19,ENCFF014RBU,bed narrowPeak,optimal IDR thresholded peaks,"1, 2",ENCODE3,STAT3,GM12878
ENCSR000DKU,hg19,ENCFF002DAI,bed narrowPeak,optimal IDR thresholded peaks,,Lab,MYC,GM12878
ENCSR176EXN,hg19,ENCFF314KRZ,bed narrowPeak,optimal IDR thresholded peaks,"1, 2",ENCODE3,JUN,MCF-7
ENCSR000EUZ,hg19,ENCFF721FYE,bed narrowPeak,optimal IDR thresholded peaks,"1, 2",ENCODE3,TRIM28,HEK293
ENCSR000BLF,hg19,ENCFF884JKW,bed narrowPeak,optimal IDR thresholded peaks,"1, 2",ENCODE3,HNF4A,HepG2
ENCSR414TYY,hg19,ENCFF573DRR,bed narrowPeak,optimal IDR thresholded peaks,"1, 2",ENCODE3,RUNX1,K562
ENCSR681WHQ,hg19,ENCFF244ORA,bed narrowPeak,optimal IDR thresholded peaks,"1, 2",ENCODE3,ETS1,HepG2
ENCSR000EYZ,hg19,ENCFF002COM,bed narrowPeak,optimal IDR thresholded peaks,,Lab,FOS,GM12878
ENCSR000FAF,hg19,ENCFF002CXH,bed narrowPeak,optimal IDR thresholded peaks,,Lab,NFE2,K562
ENCSR000EGN,hg19,ENCFF337DKJ,bed narrowPeak,optimal IDR thresholded peaks,"1, 2",ENCODE3,JUND,K562
ENCSR000ECI,hg19,ENCFF002CSJ,bed narrowPeak,optimal IDR thresholded peaks,,Lab,ELK1,HeLa-S3
ENCSR000DLS,hg19,ENCFF002DAX,bed narrowPeak,optimal IDR thresholded peaks,,Lab,CTCF,HepG2
ENCSR000EDZ,hg19,ENCFF800XTT,bed narrowPeak,optimal IDR thresholded peaks,"1, 2",ENCODE3,MAFK,HepG2
ENCSR000BJD,hg19,ENCFF461FGJ,bed narrowPeak,optimal IDR thresholded peaks,"1, 2",ENCODE3,RXRA,GM12878
ENCSR000EWE,hg19,ENCFF836LBG,bed narrowPeak,optimal IDR thresholded peaks,"1, 2",ENCODE3,ZNF274,K562
ENCSR000EWH,hg19,ENCFF594LCH,bed narrowPeak,optimal IDR thresholded peaks,"1, 2",ENCODE3,NR2C2,K562
ENCSR000EVJ,hg19,ENCFF002CSG,bed narrowPeak,optimal IDR thresholded peaks,,Lab,E2F1,HeLa-S3
ENCSR000BND,hg19,ENCFF997NGJ,bed narrowPeak,optimal IDR thresholded peaks,"1, 2",ENCODE3,ZEB1,GM12878
ENCSR000BJK,hg19,ENCFF065EPE,bed narrowPeak,optimal IDR thresholded peaks,"1, 2",ENCODE3,GABPA,HepG2
ENCSR000DZB,hg19,ENCFF556JBS,bed narrowPeak,optimal IDR thresholded peaks,"1, 2",ENCODE3,ELK1,GM12878
ENCSR000BKA,hg19,ENCFF332PGQ,bed narrowPeak,optimal IDR thresholded peaks,"1, 2",ENCODE3,ETS1,GM12878
ENCSR000EEH,hg19,ENCFF972NIR,bed narrowPeak,optimal IDR thresholded peaks,"1, 2",ENCODE3,NRF1,HepG2
ENCSR000ECM,hg19,ENCFF002CSF,bed narrowPeak,optimal IDR thresholded peaks,,Lab,RCOR1,HeLa-S3
ENCSR000BHK,hg19,ENCFF002CHV,bed narrowPeak,optimal IDR thresholded peaks,,Lab,SP1,GM12878
ENCSR000BNQ,hg19,ENCFF625SHY,bed narrowPeak,optimal IDR thresholded peaks,"1, 2",ENCODE3,BCL3,GM12878
ENCSR000BIW,hg19,ENCFF894MNP,bed narrowPeak,optimal IDR thresholded peaks,"1, 2",ENCODE3,GABPA,H1
ENCSR000EWV,hg19,ENCFF002CZJ,bed narrowPeak,optimal IDR thresholded peaks,,Lab,GATA3,MCF-7
ENCSR000BNJ,hg19,ENCFF140ARE,bed narrowPeak,optimal IDR thresholded peaks,"1, 2",ENCODE3,HNF4G,HepG2
ENCSR000ECN,hg19,ENCFF002CSR,bed narrowPeak,optimal IDR thresholded peaks,,Lab,MAX,HeLa-S3
ENCSR000BMI,hg19,ENCFF030NYG,bed narrowPeak,optimal IDR thresholded peaks,"1, 2",ENCODE3,SRF,GM12878
ENCSR000EGE,hg19,ENCFF549TYR,bed narrowPeak,optimal IDR thresholded peaks,"1, 2",ENCODE3,EP300,K562
ENCSR000EVS,hg19,ENCFF002CUY,bed narrowPeak,optimal IDR thresholded peaks,,Lab,NR2C2,HepG2
ENCSR000BQL,hg19,ENCFF409QJU,bed narrowPeak,optimal IDR thresholded peaks,"1, 2",ENCODE3,NFATC1,GM12878
ENCSR000BJW,hg19,ENCFF369JAI,bed narrowPeak,optimal IDR thresholded peaks,"1, 2",ENCODE3,RXRA,H1
ENCSR000BHC,hg19,ENCFF394CWJ,bed narrowPeak,optimal IDR thresholded peaks,"1, 2",ENCODE3,ZBTB33,GM12878
ENCSR000EUL,hg19,ENCFF721FTG,bed narrowPeak,optimal IDR thresholded peaks,"1, 2",ENCODE3,NR2C2,GM12878
ENCSR000BKE,hg19,ENCFF857YVK,bed narrowPeak,optimal IDR thresholded peaks,"1, 2",ENCODE3,ATF3,HepG2
ENCSR000BKD,hg19,ENCFF686VJY,bed narrowPeak,optimal IDR thresholded peaks,"1, 2",ENCODE3,YY1,H1
ENCSR519QAA,hg19,ENCFF099BZU,bed narrowPeak,optimal IDR thresholded peaks,"1, 2",ENCODE3,HNRNPK,HepG2
ENCSR000BJZ,hg19,ENCFF563QBC,bed narrowPeak,optimal IDR thresholded peaks,"1, 2",ENCODE3,BCLAF1,GM12878
ENCSR000BKC,hg19,ENCFF305HBV,bed narrowPeak,optimal IDR thresholded peaks,"1, 2",ENCODE3,ATF3,H1
ENCSR000DZJ,hg19,ENCFF853SOB,bed narrowPeak,optimal IDR thresholded peaks,"1, 2",ENCODE3,BHLHE40,GM12878
ENCSR000DOD,hg19,ENCFF002CYL,bed narrowPeak,optimal IDR thresholded peaks,,Lab,GTF3C2,K562
ENCSR000BNT,hg19,ENCFF420KEV,bed narrowPeak,optimal IDR thresholded peaks,"1, 2",ENCODE3,YY1,HepG2
ENCSR352BJL,hg19,ENCFF921WMN,bed narrowPeak,optimal IDR thresholded peaks,"1, 2",ENCODE3,ZNF318,K562
ENCSR000BQZ,hg19,ENCFF492YMU,bed narrowPeak,optimal IDR thresholded peaks,"1, 2",ENCODE3,STAT5A,GM12878
ENCSR000DYQ,hg19,ENCFF195PBG,bed narrowPeak,optimal IDR thresholded peaks,"1, 2",ENCODE3,ESRRA,GM12878
ENCSR000EHY,hg19,ENCFF849EEH,bed narrowPeak,optimal IDR thresholded peaks,"1, 2",ENCODE3,RFX5,SK-N-SH
ENCSR000ECF,hg19,ENCFF447QXT,bed narrowPeak,optimal IDR thresholded peaks,"1, 2",ENCODE3,RFX5,H1
ENCSR000BMN,hg19,ENCFF932CSV,bed narrowPeak,optimal IDR thresholded peaks,"1, 2",ENCODE3,REST,HeLa-S3
ENCSR000DOE,hg19,ENCFF002CWR,bed narrowPeak,optimal IDR thresholded peaks,,Lab,GTF2B,K562
ENCSR000EVD,hg19,ENCFF002CRQ,bed narrowPeak,optimal IDR thresholded peaks,,Lab,ZNF263,HEK293
ENCSR000DNS,hg19,ENCFF002CSU,bed narrowPeak,optimal IDR thresholded peaks,,Lab,NFYA,HeLa-S3
ENCSR000BIQ,hg19,ENCFF318SDF,bed narrowPeak,optimal IDR thresholded peaks,"1, 2",ENCODE3,SIX5,H1
ENCSR000EGX,hg19,ENCFF812QPN,bed narrowPeak,optimal IDR thresholded peaks,"1, 2",ENCODE3,MAFK,K562
ENCSR000BRN,hg19,ENCFF628QJU,bed narrowPeak,optimal IDR thresholded peaks,"1, 2",ENCODE3,NFIC,GM12878
ENCSR000BJE,hg19,ENCFF606WUV,bed narrowPeak,optimal IDR thresholded peaks,"1, 2",ENCODE3,SIX5,GM12878
ENCSR000EBW,hg19,ENCFF964BYN,bed narrowPeak,optimal IDR thresholded peaks,"1, 2",ENCODE3,ZNF143,H1
ENCSR000DNT,hg19,ENCFF002CTR,bed narrowPeak,optimal IDR thresholded peaks,,Lab,ZZZ3,HeLa-S3
ENCSR000BNV,hg19,ENCFF577UJR,bed narrowPeak,optimal IDR thresholded peaks,"1, 2",ENCODE3,MEF2A,K562
ENCSR000BMZ,hg19,ENCFF747CHL,bed narrowPeak,optimal IDR thresholded peaks,"1, 2",ENCODE3,ELF1,HepG2
ENCSR675LRO,hg19,ENCFF197OGH,bed narrowPeak,optimal IDR thresholded peaks,"1, 2",ENCODE3,MLLT1,K562
ENCSR953DVM,hg19,ENCFF925DJG,bed narrowPeak,optimal IDR thresholded peaks,"1, 2",ENCODE3,E2F8,K562
ENCSR869IUD,hg19,ENCFF968KBN,bed narrowPeak,optimal IDR thresholded peaks,"1, 2",ENCODE3,ATF2,K562
ENCSR000EDJ,hg19,ENCFF002CSW,bed narrowPeak,optimal IDR thresholded peaks,,Lab,NRF1,HeLa-S3
ENCSR000EUJ,hg19,ENCFF073XZC,bed narrowPeak,optimal IDR thresholded peaks,"1, 2",ENCODE3,IKZF1,GM12878
ENCSR000BNS,hg19,ENCFF418RZE,bed narrowPeak,optimal IDR thresholded peaks,"1, 2",ENCODE3,FOSL1,H1
ENCSR000EGO,hg19,ENCFF716LRI,bed narrowPeak,optimal IDR thresholded peaks,"1, 2",ENCODE3,RFX5,K562
ENCSR000EWN,hg19,ENCFF891MVM,bed narrowPeak,optimal IDR thresholded peaks,"1, 2",ENCODE3,ZNF263,K562
ENCSR000BMT,hg19,ENCFF379EPK,bed narrowPeak,optimal IDR thresholded peaks,"1, 2",ENCODE3,NANOG,H1
ENCSR590CNM,hg19,ENCFF210DMP,bed narrowPeak,optimal IDR thresholded peaks,"1, 2",ENCODE3,GATA4,HepG2
ENCSR395HWC,hg19,ENCFF968JVX,bed narrowPeak,optimal IDR thresholded peaks,"1, 2",ENCODE3,IKZF1,K562
ENCSR101FJU,hg19,ENCFF324TBP,bed narrowPeak,optimal IDR thresholded peaks,"1, 2",ENCODE3,ZNF384,HepG2
ENCSR336DXE,hg19,ENCFF481WGW,bed narrowPeak,optimal IDR thresholded peaks,"2, 3",ENCODE3,SKIL,K562
ENCSR445ACU,hg19,ENCFF132BFM,bed narrowPeak,optimal IDR thresholded peaks,"1, 2",ENCODE3,SOX13,HepG2
ENCSR000DNM,hg19,ENCFF467NRS,bed narrowPeak,optimal IDR thresholded peaks,"1, 2",ENCODE3,NFYB,GM12878
ENCSR863KUB,hg19,ENCFF249EZR,bed narrowPeak,optimal IDR thresholded peaks,"1, 2",ENCODE3,TCF7,K562
ENCSR000EWT,hg19,ENCFF002CZM,bed narrowPeak,optimal IDR thresholded peaks,,Lab,TCF7L2,MCF-7
ENCSR107RHZ,hg19,ENCFF706LIT,bed narrowPeak,optimal IDR thresholded peaks,"1, 2",ENCODE3,YBX1,K562
ENCSR000DZC,hg19,ENCFF898MUV,bed narrowPeak,optimal IDR thresholded peaks,"1, 2",ENCODE3,RCOR1,GM12878
ENCSR000EWU,hg19,ENCFF002CZN,bed narrowPeak,optimal IDR thresholded peaks,,Lab,ZNF217,MCF-7
ENCSR988ZSI,hg19,ENCFF763VWE,bed narrowPeak,optimal IDR thresholded peaks,"1, 2",ENCODE3,RERE,HepG2
ENCSR668HOP,hg19,ENCFF563QQH,bed narrowPeak,optimal IDR thresholded peaks,"1, 2",ENCODE3,ZNF580,HEK293
ENCSR021DJC,hg19,ENCFF159IBP,bed narrowPeak,optimal IDR thresholded peaks,"1, 2",ENCODE3,BCL11A,HEK293
ENCSR656JZL,hg19,ENCFF930DKI,bed narrowPeak,optimal IDR thresholded peaks,"1, 2",ENCODE3,HHEX,HepG2
ENCSR000BIU,hg19,ENCFF358BEF,bed narrowPeak,optimal IDR thresholded peaks,"1, 2",ENCODE3,USF1,H1
ENCSR502KPJ,hg19,ENCFF290NCZ,bed narrowPeak,optimal IDR thresholded peaks,"1, 2",ENCODE3,ZNF843,HEK293
ENCSR072LQF,hg19,ENCFF796MFI,bed narrowPeak,optimal IDR thresholded peaks,"1, 2",ENCODE3,ZNF76,HEK293
ENCSR331ORD,hg19,ENCFF874EVS,bed narrowPeak,optimal IDR thresholded peaks,"1, 2",ENCODE3,CREB1,HepG2
ENCSR000BIT,hg19,ENCFF274AQE,bed narrowPeak,optimal IDR thresholded peaks,"1, 2",ENCODE3,TCF12,H1
ENCSR617IFZ,hg19,ENCFF728WNY,bed narrowPeak,optimal IDR thresholded peaks,"1, 2",ENCODE3,CTCF,HEK293
ENCSR000EVQ,hg19,ENCFF002CUX,bed narrowPeak,optimal IDR thresholded peaks,,Lab,TCF7L2,HepG2
ENCSR892ZTO,hg19,ENCFF120RXH,bed narrowPeak,optimal IDR thresholded peaks,"1, 2",ENCODE3,ZNF548,HEK293
ENCSR818DQV,hg19,ENCFF927JBT,bed narrowPeak,optimal IDR thresholded peaks,"1, 2",ENCODE3,MAFG,K562
ENCSR000EGD,hg19,ENCFF423EMU,bed narrowPeak,optimal IDR thresholded peaks,"1, 2",ENCODE3,BACH1,K562
ENCSR138YYY,hg19,ENCFF517KRT,bed narrowPeak,optimal IDR thresholded peaks,"1, 2",ENCODE3,GABPB1,K562
ENCSR000EFU,hg19,ENCFF019PEL,bed narrowPeak,optimal IDR thresholded peaks,"1, 2",ENCODE3,ELK1,K562
ENCSR811JJM,hg19,ENCFF111DCR,bed narrowPeak,optimal IDR thresholded peaks,"1, 2",ENCODE3,ZNF19,HEK293
ENCSR000DZL,hg19,ENCFF141SAU,bed narrowPeak,optimal IDR thresholded peaks,"1, 2",ENCODE3,ZNF143,GM12878
ENCSR093FKD,hg19,ENCFF665FHC,bed narrowPeak,optimal IDR thresholded peaks,"1, 2",ENCODE3,CREB3,K562
ENCSR277DMR,hg19,ENCFF404YMX,bed narrowPeak,optimal IDR thresholded peaks,"1, 2",ENCODE3,ETV1,K562
ENCSR020UPN,hg19,ENCFF271QKU,bed narrowPeak,optimal IDR thresholded peaks,"2, 3",ENCODE3,ZNF184,HEK293
ENCSR115SMW,hg19,ENCFF544XKC,bed narrowPeak,optimal IDR thresholded peaks,"1, 2",ENCODE3,PKNOX1,K562
ENCSR000BNN,hg19,ENCFF641LJY,bed narrowPeak,optimal IDR thresholded peaks,"1, 2",ENCODE3,THAP1,K562
ENCSR854IPI,hg19,ENCFF053UVX,bed narrowPeak,optimal IDR thresholded peaks,"1, 2",ENCODE3,ZNF707,HEK293
ENCSR117CHD,hg19,ENCFF181UHL,bed narrowPeak,optimal IDR thresholded peaks,"1, 2",ENCODE3,HOMEZ,HepG2
ENCSR000DUB,hg19,ENCFF830KSV,bed narrowPeak,optimal IDR thresholded peaks,"1, 2",ENCODE3,CTCF,HeLa-S3
ENCSR613NUC,hg19,ENCFF471ZTZ,bed narrowPeak,optimal IDR thresholded peaks,"1, 2",ENCODE3,ARNT,K562
ENCSR578CXC,hg19,ENCFF228XGU,bed narrowPeak,optimal IDR thresholded peaks,"1, 2",ENCODE3,ZNF644,HepG2
ENCSR207PFI,hg19,ENCFF123WEZ,bed narrowPeak,optimal IDR thresholded peaks,"1, 2",ENCODE3,ZBED1,GM12878
ENCSR692HSE,hg19,ENCFF728MIJ,bed narrowPeak,optimal IDR thresholded peaks,"1, 2",ENCODE3,YY2,HEK293
ENCSR223TAV,hg19,ENCFF540BMV,bed narrowPeak,optimal IDR thresholded peaks,"1, 2",ENCODE3,PRDM10,HEK293
ENCSR217WRC,hg19,ENCFF355MAL,bed narrowPeak,optimal IDR thresholded peaks,"1, 2",ENCODE3,TSHZ1,HEK293
ENCSR031ING,hg19,ENCFF570QVI,bed narrowPeak,optimal IDR thresholded peaks,"1, 2",ENCODE3,KDM6A,HepG2
ENCSR443MVV,hg19,ENCFF943HTN,bed narrowPeak,optimal IDR thresholded peaks,"2, 3",ENCODE3,PRDM4,HEK293
ENCSR051OUX,hg19,ENCFF723RSX,bed narrowPeak,optimal IDR thresholded peaks,"1, 2",ENCODE3,NFATC3,K562
ENCSR768LIO,hg19,ENCFF171TPH,bed narrowPeak,optimal IDR thresholded peaks,"1, 2",ENCODE3,OVOL3,HEK293
ENCSR543KOA,hg19,ENCFF732OWQ,bed narrowPeak,optimal IDR thresholded peaks,"1, 2",ENCODE3,ZBTB12,HEK293
ENCSR217HTK,hg19,ENCFF467FLP,bed narrowPeak,optimal IDR thresholded peaks,"1, 2",ENCODE3,ATF2,HEK293
ENCSR135ANT,hg19,ENCFF651PWG,bed narrowPeak,optimal IDR thresholded peaks,"1, 3",ENCODE3,NRF1,MCF-7
ENCSR970NKQ,hg19,ENCFF175IIE,bed narrowPeak,optimal IDR thresholded peaks,"1, 2",ENCODE3,NR2F1,K562
ENCSR231YFE,hg19,ENCFF447FPV,bed narrowPeak,optimal IDR thresholded peaks,"1, 2",ENCODE3,ZBTB33,MCF-7
ENCSR318LVG,hg19,ENCFF397XTF,bed narrowPeak,optimal IDR thresholded peaks,"1, 2",ENCODE3,ZBTB40,MCF-7
ENCSR907MZR,hg19,ENCFF646VQW,bed narrowPeak,optimal IDR thresholded peaks,"1, 2",ENCODE3,TRIM24,K562
ENCSR382WLL,hg19,ENCFF267FXT,bed narrowPeak,optimal IDR thresholded peaks,"1, 3",ENCODE3,ELK1,MCF-7
ENCSR714YZG,hg19,ENCFF076NCP,bed narrowPeak,optimal IDR thresholded peaks,"1, 2",ENCODE3,ETV4,HepG2
ENCSR000BNH,hg19,ENCFF402JJK,bed narrowPeak,optimal IDR thresholded peaks,"1, 2",ENCODE3,CTCF,H1
ENCSR348ONY,hg19,ENCFF429ZIY,bed narrowPeak,optimal IDR thresholded peaks,"1, 2",ENCODE3,ZFP41,HEK293
ENCSR569XNP,hg19,ENCFF965AIZ,bed narrowPeak,optimal IDR thresholded peaks,"1, 3",ENCODE3,FOS,MCF-7
ENCSR897RVP,hg19,ENCFF711WEI,bed narrowPeak,optimal IDR thresholded peaks,"1, 2",ENCODE3,ZNF514,HEK293
ENCSR535DIA,hg19,ENCFF649JWU,bed narrowPeak,optimal IDR thresholded peaks,"1, 2",ENCODE3,GLIS2,HEK293
ENCSR459FTB,hg19,ENCFF298UPI,bed narrowPeak,optimal IDR thresholded peaks,"1, 2",ENCODE3,UBTF,GM12878
ENCSR701RXW,hg19,ENCFF706XII,bed narrowPeak,optimal IDR thresholded peaks,"1, 2",ENCODE3,ZNF530,HEK293
ENCSR711UOA,hg19,ENCFF714VJU,bed narrowPeak,optimal IDR thresholded peaks,"1, 2",ENCODE3,ZNF837,HEK293
ENCSR679STZ,hg19,ENCFF026FRV,bed narrowPeak,optimal IDR thresholded peaks,"1, 2",ENCODE3,ZNF792,HEK293
ENCSR261EDU,hg19,ENCFF453CYS,bed narrowPeak,optimal IDR thresholded peaks,"1, 2",ENCODE3,MNT,HepG2
ENCSR501DKS,hg19,ENCFF305ICK,bed narrowPeak,optimal IDR thresholded peaks,"1, 2",ENCODE3,TCF7,GM12878
ENCSR077DKV,hg19,ENCFF948TXN,bed narrowPeak,optimal IDR thresholded peaks,"1, 2",ENCODE3,CREM,K562
ENCSR017CEO,hg19,ENCFF572YVL,bed narrowPeak,optimal IDR thresholded peaks,"2, 3",ENCODE3,CUX1,MCF-7
ENCSR322CFO,hg19,ENCFF407AOX,bed narrowPeak,optimal IDR thresholded peaks,"1, 2",ENCODE3,ZEB2,K562
ENCSR304AMN,hg19,ENCFF598MEF,bed narrowPeak,optimal IDR thresholded peaks,"2, 3",ENCODE3,IKZF3,HEK293
ENCSR365DQH,hg19,ENCFF454YSP,bed narrowPeak,optimal IDR thresholded peaks,"1, 2",ENCODE3,ZNF211,HEK293
ENCSR757IIU,hg19,ENCFF558DSF,bed narrowPeak,optimal IDR thresholded peaks,"1, 2",ENCODE3,HMBOX1,K562
ENCSR984MDV,hg19,ENCFF405RGE,bed narrowPeak,optimal IDR thresholded peaks,"1, 2",ENCODE3,ZNF24,HEK293
ENCSR277BXW,hg19,ENCFF070WUF,bed narrowPeak,optimal IDR thresholded peaks,"1, 2",ENCODE3,ZBTB7B,MCF-7
ENCSR125ULS,hg19,ENCFF020TAV,bed narrowPeak,optimal IDR thresholded peaks,"2, 3",ENCODE3,ZNF561,HEK293
ENCSR543BVU,hg19,ENCFF432DIT,bed narrowPeak,optimal IDR thresholded peaks,"1, 2",ENCODE3,SOX6,HepG2
ENCSR839XZU,hg19,ENCFF534CKB,bed narrowPeak,optimal IDR thresholded peaks,"1, 2",ENCODE3,CREM,GM12878
ENCSR699YFX,hg19,ENCFF313BFM,bed narrowPeak,optimal IDR thresholded peaks,"1, 2",ENCODE3,CLOCK,MCF-7
ENCSR506KWJ,hg19,ENCFF998KKJ,bed narrowPeak,optimal IDR thresholded peaks,"1, 2",ENCODE3,XRCC5,K562
ENCSR590KEQ,hg19,ENCFF166OZW,bed narrowPeak,optimal IDR thresholded peaks,"2, 3",ENCODE3,ARNT,GM12878
ENCSR109YGM,hg19,ENCFF582YPB,bed narrowPeak,optimal IDR thresholded peaks,"1, 2",ENCODE3,CREB3L1,K562
ENCSR422ZAO,hg19,ENCFF503SZB,bed narrowPeak,optimal IDR thresholded peaks,"2, 3",ENCODE3,IRF3,SK-N-SH
ENCSR864VJE,hg19,ENCFF177JFZ,bed narrowPeak,optimal IDR thresholded peaks,"1, 2",ENCODE3,ZSCAN16,HEK293
ENCSR178DEG,hg19,ENCFF320THV,bed narrowPeak,optimal IDR thresholded peaks,"1, 2",ENCODE3,NR2C1,K562
ENCSR371LLY,hg19,ENCFF667YOB,bed narrowPeak,optimal IDR thresholded peaks,"2, 3",ENCODE3,ZNF37A,HEK293
ENCSR815ZDS,hg19,ENCFF985TSH,bed narrowPeak,optimal IDR thresholded peaks,"1, 2",ENCODE3,SREBF1,K562
ENCSR605MGM,hg19,ENCFF925JLQ,bed narrowPeak,optimal IDR thresholded peaks,"1, 2",ENCODE3,SCRT1,HEK293
ENCSR364SNE,hg19,ENCFF990CFV,bed narrowPeak,optimal IDR thresholded peaks,"1, 2",ENCODE3,POU5F1,K562
ENCSR370NFS,hg19,ENCFF386WKY,bed narrowPeak,optimal IDR thresholded peaks,"1, 2",ENCODE3,ZNF280A,K562
ENCSR134QIE,hg19,ENCFF955KTW,bed narrowPeak,optimal IDR thresholded peaks,"1, 2",ENCODE3,ZFP3,HEK293
ENCSR494UQJ,hg19,ENCFF583CIY,bed narrowPeak,optimal IDR thresholded peaks,"1, 2",ENCODE3,NR3C1,K562
ENCSR621ATC,hg19,ENCFF728NEV,bed narrowPeak,optimal IDR thresholded peaks,"1, 2",ENCODE3,ZNF184,K562
ENCSR419ODQ,hg19,ENCFF973DWU,bed narrowPeak,optimal IDR thresholded peaks,"1, 2",ENCODE3,ZNF507,MCF-7
ENCSR288IJC,hg19,ENCFF492DZG,bed narrowPeak,optimal IDR thresholded peaks,"1, 2",ENCODE3,MAZ,MCF-7
ENCSR224NFP,hg19,ENCFF911RTR,bed narrowPeak,optimal IDR thresholded peaks,"1, 2",ENCODE3,ZNF426,HEK293
ENCSR637QAM,hg19,ENCFF241GZK,bed narrowPeak,optimal IDR thresholded peaks,"1, 2",ENCODE3,TRIM22,GM12878
ENCSR387QUV,hg19,ENCFF456FQB,bed narrowPeak,optimal IDR thresholded peaks,"1, 2",ENCODE3,RELB,GM12878
ENCSR162IEM,hg19,ENCFF877ANE,bed narrowPeak,optimal IDR thresholded peaks,"1, 2",ENCODE3,MYBL2,K562
ENCSR876UYH,hg19,ENCFF235RIU,bed narrowPeak,optimal IDR thresholded peaks,"1, 2",ENCODE3,ZHX2,MCF-7
ENCSR205SKQ,hg19,ENCFF344OJI,bed narrowPeak,optimal IDR thresholded peaks,"1, 2",ENCODE3,YBX1,GM12878
ENCSR611WZO,hg19,ENCFF365ICU,bed narrowPeak,optimal IDR thresholded peaks,"2, 3",ENCODE3,SREBF2,HeLa-S3
ENCSR744WOO,hg19,ENCFF493TZM,bed narrowPeak,optimal IDR thresholded peaks,"1, 2",ENCODE3,TCF12,K562
ENCSR888XZK,hg19,ENCFF312RFN,bed narrowPeak,optimal IDR thresholded peaks,"1, 2",ENCODE3,TCF7L2,K562
ENCSR563FBT,hg19,ENCFF754GUT,bed narrowPeak,optimal IDR thresholded peaks,"2, 3",ENCODE3,USF2,A549
ENCSR731LHZ,hg19,ENCFF083YCQ,bed narrowPeak,optimal IDR thresholded peaks,"1, 2",ENCODE3,E4F1,K562
ENCSR525YFS,hg19,ENCFF598VEK,bed narrowPeak,optimal IDR thresholded peaks,"1, 2",ENCODE3,ZBTB40,HepG2
ENCSR047BUZ,hg19,ENCFF502ZTC,bed narrowPeak,optimal IDR thresholded peaks,"1, 2",ENCODE3,ATF2,HepG2
ENCSR437GBJ,hg19,ENCFF704ZYN,bed narrowPeak,optimal IDR thresholded peaks,"1, 2",ENCODE3,NFATC3,GM12878
ENCSR444LIN,hg19,ENCFF147MAN,bed narrowPeak,optimal IDR thresholded peaks,"1, 2",ENCODE3,TCF7,HepG2
ENCSR314BBS,hg19,ENCFF332DRG,bed narrowPeak,optimal IDR thresholded peaks,"1, 2",ENCODE3,PTTG1,K562
ENCSR926KTP,hg19,ENCFF196DHR,bed narrowPeak,optimal IDR thresholded peaks,"1, 2",ENCODE3,IRF9,K562
ENCSR721QZV,hg19,ENCFF163MWF,bed narrowPeak,optimal IDR thresholded peaks,"1, 2",ENCODE3,ZSCAN18,HEK293
ENCSR517DDU,hg19,ENCFF519CSQ,bed narrowPeak,optimal IDR thresholded peaks,"1, 2",ENCODE3,ZNF48,HEK293
ENCSR616WEG,hg19,ENCFF104YWL,bed narrowPeak,optimal IDR thresholded peaks,"1, 2",ENCODE3,HBP1,HepG2
ENCSR986XYK,hg19,ENCFF922GXT,bed narrowPeak,optimal IDR thresholded peaks,"1, 2",ENCODE3,PKNOX1,MCF-7
ENCSR289NSN,hg19,ENCFF033FOE,bed narrowPeak,optimal IDR thresholded peaks,"1, 2",ENCODE3,ZNF354C,HEK293
ENCSR876GXA,hg19,ENCFF408FQC,bed narrowPeak,optimal IDR thresholded peaks,"3, 4",ENCODE3,ZBTB33,K562
ENCSR338DGO,hg19,ENCFF670DXC,bed narrowPeak,optimal IDR thresholded peaks,"1, 2",ENCODE3,SCRT2,HEK293
ENCSR477OJI,hg19,ENCFF260VLG,bed narrowPeak,optimal IDR thresholded peaks,"1, 2",ENCODE3,ZNF423,HEK293
ENCSR253OON,hg19,ENCFF418WDR,bed narrowPeak,optimal IDR thresholded peaks,"1, 2",ENCODE3,ATF1,HepG2
ENCSR976TBC,hg19,ENCFF100ERQ,bed narrowPeak,optimal IDR thresholded peaks,"1, 2",ENCODE3,IRF5,GM12878
ENCSR949IWY,hg19,ENCFF282SXB,bed narrowPeak,optimal IDR thresholded peaks,"1, 2",ENCODE3,PAX8,MCF-7
ENCSR604VWJ,hg19,ENCFF783PLT,bed narrowPeak,optimal IDR thresholded peaks,"1, 2",ENCODE3,KLF7,HEK293
ENCSR391JII,hg19,ENCFF065UFF,bed narrowPeak,optimal IDR thresholded peaks,"3, 4",ENCODE3,RCOR1,MCF-7
ENCSR460MBI,hg19,ENCFF553QNS,bed narrowPeak,optimal IDR thresholded peaks,"1, 2",ENCODE3,ZBTB20,HEK293
ENCSR182QWU,hg19,ENCFF609WOU,bed narrowPeak,optimal IDR thresholded peaks,"1, 2",ENCODE3,ZNF3,HepG2
ENCSR331GDC,hg19,ENCFF434QZL,bed narrowPeak,optimal IDR thresholded peaks,"1, 2",ENCODE3,ZBTB11,K562
ENCSR738SLS,hg19,ENCFF439XSW,bed narrowPeak,optimal IDR thresholded peaks,"1, 2",ENCODE3,ZNF449,HEK293
ENCSR440COG,hg19,ENCFF340UWW,bed narrowPeak,optimal IDR thresholded peaks,"1, 2",ENCODE3,ZNF239,HEK293
ENCSR192AFN,hg19,ENCFF455YHJ,bed narrowPeak,optimal IDR thresholded peaks,"1, 2",ENCODE3,PAX8,GM12878
ENCSR801GJU,hg19,ENCFF928KZS,bed narrowPeak,optimal IDR thresholded peaks,"1, 2",ENCODE3,CBX2,HepG2
ENCSR445PDR,hg19,ENCFF750YHY,bed narrowPeak,optimal IDR thresholded peaks,"1, 2",ENCODE3,GFI1B,HEK293
ENCSR608HVP,hg19,ENCFF802XZN,bed narrowPeak,optimal IDR thresholded peaks,"1, 2",ENCODE3,KLF13,K562
ENCSR518WPL,hg19,ENCFF311LEU,bed narrowPeak,optimal IDR thresholded peaks,"1, 2",ENCODE3,NR2F6,HepG2
ENCSR076STQ,hg19,ENCFF670RSG,bed narrowPeak,optimal IDR thresholded peaks,"2, 3",ENCODE3,ZBTB44,HEK293
ENCSR854MCV,hg19,ENCFF388AJH,bed narrowPeak,optimal IDR thresholded peaks,"1, 2",ENCODE3,IRF1,K562
ENCSR494PWZ,hg19,ENCFF809OEX,bed narrowPeak,optimal IDR thresholded peaks,"1, 2",ENCODE3,ZC3H8,K562
ENCSR798EGJ,hg19,ENCFF626AQW,bed narrowPeak,optimal IDR thresholded peaks,"1, 2",ENCODE3,RNF2,A549
ENCSR595FAO,hg19,ENCFF572WXJ,bed narrowPeak,optimal IDR thresholded peaks,"1, 2",ENCODE3,ZNF510,HEK293
ENCSR679KXF,hg19,ENCFF460JBF,bed narrowPeak,optimal IDR thresholded peaks,"1, 2",ENCODE3,ZNF23,HEK293
ENCSR210MET,hg19,ENCFF187XKX,bed narrowPeak,optimal IDR thresholded peaks,"1, 2",ENCODE3,ZNF391,HEK293
ENCSR464KFG,hg19,ENCFF027VBY,bed narrowPeak,optimal IDR thresholded peaks,"1, 2",ENCODE3,ZNF140,HEK293
ENCSR803GYT,hg19,ENCFF065VOT,bed narrowPeak,optimal IDR thresholded peaks,"1, 2",ENCODE3,HIC1,HEK293
ENCSR177VFS,hg19,ENCFF911BYP,bed narrowPeak,optimal IDR thresholded peaks,"1, 2",ENCODE3,"BORCS8-MEF2B,MEF2B",GM12878
ENCSR819LHG,hg19,ENCFF809YFY,bed narrowPeak,optimal IDR thresholded peaks,"1, 2",ENCODE3,FOXA1,K562
ENCSR689YFA,hg19,ENCFF290YYY,bed narrowPeak,optimal IDR thresholded peaks,"1, 2",ENCODE3,ZNF146,HEK293
ENCSR167KBO,hg19,ENCFF788EBS,bed narrowPeak,optimal IDR thresholded peaks,"1, 2",ENCODE3,ZNF316,K562
ENCSR211PZO,hg19,ENCFF482SMS,bed narrowPeak,optimal IDR thresholded peaks,"1, 2",ENCODE3,GLI4,HEK293
ENCSR080CST,hg19,ENCFF779HAK,bed narrowPeak,optimal IDR thresholded peaks,"1, 2",ENCODE3,ZNF639,HEK293
ENCSR194KWL,hg19,ENCFF649EXL,bed narrowPeak,optimal IDR thresholded peaks,"1, 2",ENCODE3,ZNF704,HEK293
ENCSR441UBA,hg19,ENCFF145PVL,bed narrowPeak,optimal IDR thresholded peaks,"1, 2",ENCODE3,RBAK,HEK293
ENCSR469WII,hg19,ENCFF809PXE,bed narrowPeak,optimal IDR thresholded peaks,"1, 2",ENCODE3,"COMMD3-BMI1,BMI1",GM12878
ENCSR065WUF,hg19,ENCFF065RDT,bed narrowPeak,optimal IDR thresholded peaks,"1, 2",ENCODE3,KLF17,HEK293
ENCSR634ZGP,hg19,ENCFF675ZHC,bed narrowPeak,optimal IDR thresholded peaks,"1, 2",ENCODE3,UBTF,HeLa-S3
ENCSR801BWR,hg19,ENCFF985YVA,bed narrowPeak,optimal IDR thresholded peaks,"1, 2",ENCODE3,ZNF155,HEK293
ENCSR396QWK,hg19,ENCFF837HCH,bed narrowPeak,optimal IDR thresholded peaks,"1, 2",ENCODE3,MBD1,HepG2
ENCSR742TMU,hg19,ENCFF581ZZT,bed narrowPeak,optimal IDR thresholded peaks,"1, 2",ENCODE3,ZNF282,K562
ENCSR155VDK,hg19,ENCFF126PJF,bed narrowPeak,optimal IDR thresholded peaks,"1, 2",ENCODE3,ZBTB11,MCF-7
ENCSR321MSF,hg19,ENCFF416GRM,bed narrowPeak,optimal IDR thresholded peaks,"4, 5",ENCODE3,ZBTB21,HEK293
ENCSR736ZKL,hg19,ENCFF901JRM,bed narrowPeak,optimal IDR thresholded peaks,"1, 2",ENCODE3,ZNF148,HEK293
ENCSR826YMT,hg19,ENCFF281OPX,bed narrowPeak,optimal IDR thresholded peaks,"1, 2",ENCODE3,SMAD4,HepG2
ENCSR092OVN,hg19,ENCFF984AJU,bed narrowPeak,optimal IDR thresholded peaks,"1, 2",ENCODE3,FOXA3,HepG2
ENCSR085DDI,hg19,ENCFF986MHU,bed narrowPeak,optimal IDR thresholded peaks,"1, 2",ENCODE3,NFXL1,K562
ENCSR780BBJ,hg19,ENCFF588OLK,bed narrowPeak,optimal IDR thresholded peaks,"1, 2",ENCODE3,ZZZ3,K562
ENCSR882ZTS,hg19,ENCFF168HHB,bed narrowPeak,optimal IDR thresholded peaks,"1, 2",ENCODE3,ZBTB11,HEK293
ENCSR553QMC,hg19,ENCFF448CFQ,bed narrowPeak,optimal IDR thresholded peaks,"1, 2",ENCODE3,ZNF7,HepG2
ENCSR633OVO,hg19,ENCFF552URL,bed narrowPeak,optimal IDR thresholded peaks,"1, 2",ENCODE3,RFX3,HepG2
ENCSR210HBN,hg19,ENCFF716MKU,bed narrowPeak,optimal IDR thresholded peaks,"1, 2",ENCODE3,IKZF5,HepG2
ENCSR569ARC,hg19,ENCFF208YTG,bed narrowPeak,optimal IDR thresholded peaks,"1, 2",ENCODE3,NFYC,HepG2
ENCSR791AGT,hg19,ENCFF539NTA,bed narrowPeak,optimal IDR thresholded peaks,"2, 3",ENCODE3,ZNF24,HepG2
ENCSR924GXX,hg19,ENCFF462FRU,bed narrowPeak,optimal IDR thresholded peaks,"1, 2",ENCODE3,PHB2,K562
ENCSR631WAA,hg19,ENCFF047LUI,bed narrowPeak,optimal IDR thresholded peaks,"1, 2",ENCODE3,ZBTB17,HEK293
ENCSR547TGL,hg19,ENCFF426RRZ,bed narrowPeak,optimal IDR thresholded peaks,"1, 2",ENCODE3,ZNF701,HEK293
ENCSR402JAC,hg19,ENCFF603ZTG,bed narrowPeak,optimal IDR thresholded peaks,"1, 2",ENCODE3,ZNF574,MCF-7
ENCSR044FMM,hg19,ENCFF267BXB,bed narrowPeak,optimal IDR thresholded peaks,"1, 2",ENCODE3,SALL2,HEK293
ENCSR762DQP,hg19,ENCFF395YRF,bed narrowPeak,optimal IDR thresholded peaks,"1, 2",ENCODE3,ZNF658,HEK293
ENCSR754SOI,hg19,ENCFF496DFA,bed narrowPeak,optimal IDR thresholded peaks,"1, 2",ENCODE3,ZNF529,HEK293
ENCSR919CZU,hg19,ENCFF632ZBP,bed narrowPeak,optimal IDR thresholded peaks,"1, 2",ENCODE3,EGR2,HEK293
ENCSR351NON,hg19,ENCFF234WBT,bed narrowPeak,optimal IDR thresholded peaks,"2, 3",ENCODE3,ZNF629,HEK293
ENCSR966PJJ,hg19,ENCFF267HPJ,bed narrowPeak,optimal IDR thresholded peaks,"1, 2",ENCODE3,WT1,HEK293
ENCSR977HTH,hg19,ENCFF820HLI,bed narrowPeak,optimal IDR thresholded peaks,"1, 2",ENCODE3,ZNF18,HEK293
ENCSR447ZTA,hg19,ENCFF850TPX,bed narrowPeak,optimal IDR thresholded peaks,"1, 2",ENCODE3,ZNF558,HEK293
ENCSR365GRX,hg19,ENCFF298TDL,bed narrowPeak,optimal IDR thresholded peaks,"1, 2",ENCODE3,ZFP37,HEK293
ENCSR875PEI,hg19,ENCFF757QEJ,bed narrowPeak,optimal IDR thresholded peaks,"1, 3",ENCODE3,TRIM22,MCF-7
ENCSR807LQP,hg19,ENCFF905HYT,bed narrowPeak,optimal IDR thresholded peaks,"1, 2",ENCODE3,SP2,HEK293
ENCSR028EGI,hg19,ENCFF943LDC,bed narrowPeak,optimal IDR thresholded peaks,"1, 2",ENCODE3,ZNF26,HEK293
ENCSR253CKN,hg19,ENCFF441VSN,bed narrowPeak,optimal IDR thresholded peaks,"1, 2",ENCODE3,ZSCAN21,HEK293
ENCSR279IEM,hg19,ENCFF278ODX,bed narrowPeak,optimal IDR thresholded peaks,"1, 2",ENCODE3,SIX4,MCF-7
ENCSR739IHN,hg19,ENCFF405NFV,bed narrowPeak,optimal IDR thresholded peaks,"1, 2",ENCODE3,TBX21,GM12878
ENCSR324LTM,hg19,ENCFF043BDV,bed narrowPeak,optimal IDR thresholded peaks,"1, 2",ENCODE3,OSR2,HEK293
ENCSR381VYR,hg19,ENCFF943KIE,bed narrowPeak,optimal IDR thresholded peaks,"1, 2",ENCODE3,ZFP69B,HEK293
ENCSR906PCS,hg19,ENCFF068QHA,bed narrowPeak,optimal IDR thresholded peaks,"1, 2",ENCODE3,ZNF223,HEK293
ENCSR159GFL,hg19,ENCFF415VBF,bed narrowPeak,optimal IDR thresholded peaks,"1, 2",ENCODE3,ZNF518A,HEK293
ENCSR076KZW,hg19,ENCFF856LJI,bed narrowPeak,optimal IDR thresholded peaks,"1, 2",ENCODE3,ZNF280C,HEK293
ENCSR775HFF,hg19,ENCFF839UTQ,bed narrowPeak,optimal IDR thresholded peaks,"1, 2",ENCODE3,ZNF791,HEK293
ENCSR427BBI,hg19,ENCFF686LJE,bed narrowPeak,optimal IDR thresholded peaks,"1, 2",ENCODE3,MLLT1,MCF-7
ENCSR714LZQ,hg19,ENCFF497IKJ,bed narrowPeak,optimal IDR thresholded peaks,"1, 2",ENCODE3,ZNF664,HEK293
ENCSR896UBV,hg19,ENCFF201ZGY,bed narrowPeak,optimal IDR thresholded peaks,"1, 2",ENCODE3,REST,HEK293
ENCSR513MGG,hg19,ENCFF878YVM,bed narrowPeak,optimal IDR thresholded peaks,"1, 2",ENCODE3,ZNF302,HEK293
ENCSR397DQC,hg19,ENCFF195GMS,bed narrowPeak,optimal IDR thresholded peaks,"1, 2",ENCODE3,KLF16,HEK293
ENCSR145TSJ,hg19,ENCFF710IEF,bed narrowPeak,optimal IDR thresholded peaks,"1, 2",ENCODE3,ATF4,K562
ENCSR770PQN,hg19,ENCFF292GRY,bed narrowPeak,optimal IDR thresholded peaks,"1, 2",ENCODE3,BCL11B,HEK293
ENCSR102KIN,hg19,ENCFF511QHY,bed narrowPeak,optimal IDR thresholded peaks,"1, 2",ENCODE3,ZMYM3,K562
ENCSR011CKE,hg19,ENCFF296EBH,bed narrowPeak,optimal IDR thresholded peaks,"1, 2",ENCODE3,ZNF2,HEK293
ENCSR604CNJ,hg19,ENCFF300CSG,bed narrowPeak,optimal IDR thresholded peaks,"1, 2",ENCODE3,ZNF416,HEK293
ENCSR788XNX,hg19,ENCFF015PGM,bed narrowPeak,optimal IDR thresholded peaks,"1, 2",ENCODE3,RFX1,MCF-7
ENCSR619GFP,hg19,ENCFF265LKN,bed narrowPeak,optimal IDR thresholded peaks,"1, 2",ENCODE3,HINFP,K562
ENCSR197DJH,hg19,ENCFF870CER,bed narrowPeak,optimal IDR thresholded peaks,"1, 2",ENCODE3,SREBF1,MCF-7
ENCSR347NOB,hg19,ENCFF920HDC,bed narrowPeak,optimal IDR thresholded peaks,"1, 3",ENCODE3,CEBPZ,GM12878
ENCSR616OSG,hg19,ENCFF070BHP,bed narrowPeak,optimal IDR thresholded peaks,"1, 2",ENCODE3,KLF11,HepG2
ENCSR848YWD,hg19,ENCFF177FZU,bed narrowPeak,optimal IDR thresholded peaks,"1, 2",ENCODE3,ZMYM3,HepG2
ENCSR295BIP,hg19,ENCFF058JCF,bed narrowPeak,optimal IDR thresholded peaks,"1, 2",ENCODE3,ZNF777,HEK293
ENCSR093HXE,hg19,ENCFF824SRC,bed narrowPeak,optimal IDR thresholded peaks,"1, 2",ENCODE3,ZNF16,HEK293
ENCSR178QVJ,hg19,ENCFF265HWY,bed narrowPeak,optimal IDR thresholded peaks,"1, 2",ENCODE3,ZNF274,HEK293
ENCSR482BBZ,hg19,ENCFF611XTK,bed narrowPeak,optimal IDR thresholded peaks,"1, 2",ENCODE3,GLIS1,HEK293
ENCSR307CKC,hg19,ENCFF535VSU,bed narrowPeak,optimal IDR thresholded peaks,"1, 2",ENCODE3,ZNF680,HEK293
ENCSR481FEC,hg19,ENCFF231DQM,bed narrowPeak,optimal IDR thresholded peaks,"1, 2",ENCODE3,ZBTB8A,HEK293
ENCSR189YYK,hg19,ENCFF357WYN,bed narrowPeak,optimal IDR thresholded peaks,"1, 2",ENCODE3,ZBTB40,GM12878
ENCSR892QHR,hg19,ENCFF292QIG,bed narrowPeak,optimal IDR thresholded peaks,"1, 2",ENCODE3,PRDM6,HEK293
ENCSR793HVL,hg19,ENCFF063WXY,bed narrowPeak,optimal IDR thresholded peaks,"1, 2",ENCODE3,E2F8,GM12878
ENCSR298QUH,hg19,ENCFF648HOQ,bed narrowPeak,optimal IDR thresholded peaks,"1, 2",ENCODE3,MZF1,HEK293
ENCSR903ELW,hg19,ENCFF693JHE,bed narrowPeak,optimal IDR thresholded peaks,"1, 2",ENCODE3,CREM,HepG2
ENCSR757EKM,hg19,ENCFF175VJE,bed narrowPeak,optimal IDR thresholded peaks,"1, 2",ENCODE3,KLF6,HepG2
ENCSR591CCL,hg19,ENCFF447QUG,bed narrowPeak,optimal IDR thresholded peaks,"1, 2",ENCODE3,ZNF512,K562
ENCSR799GOY,hg19,ENCFF920LEU,bed narrowPeak,optimal IDR thresholded peaks,"1, 2",ENCODE3,YBX1,HepG2
ENCSR194BBY,hg19,ENCFF446PZF,bed narrowPeak,optimal IDR thresholded peaks,"1, 2",ENCODE3,ZNF221,HEK293
ENCSR764YDL,hg19,ENCFF954NAJ,bed narrowPeak,optimal IDR thresholded peaks,"1, 2",ENCODE3,NR0B1,K562
ENCSR979FQP,hg19,ENCFF265NSP,bed narrowPeak,optimal IDR thresholded peaks,"1, 2",ENCODE3,GATAD2B,MCF-7
ENCSR343ELW,hg19,ENCFF659WAF,bed narrowPeak,optimal IDR thresholded peaks,"3, 4",ENCODE3,LEF1,K562
ENCSR011XCI,hg19,ENCFF787RHQ,bed narrowPeak,optimal IDR thresholded peaks,"1, 2",ENCODE3,ZNF585B,HEK293
ENCSR173CTF,hg19,ENCFF516QUQ,bed narrowPeak,optimal IDR thresholded peaks,"1, 2",ENCODE3,ZNF580,HepG2
ENCSR665KYH,hg19,ENCFF073XKN,bed narrowPeak,optimal IDR thresholded peaks,"1, 2",ENCODE3,ZNF521,HEK293
ENCSR966PJY,hg19,ENCFF525IST,bed narrowPeak,optimal IDR thresholded peaks,"1, 2",ENCODE3,MIXL1,HepG2
ENCSR022IZK,hg19,ENCFF572DQF,bed narrowPeak,optimal IDR thresholded peaks,"1, 2",ENCODE3,ZNF623,HEK293
ENCSR897JAS,hg19,ENCFF127RVQ,bed narrowPeak,optimal IDR thresholded peaks,"1, 2",ENCODE3,CREB1,MCF-7
ENCSR430JGJ,hg19,ENCFF192DTE,bed narrowPeak,optimal IDR thresholded peaks,"1, 2",ENCODE3,THRB,HepG2
ENCSR978EQY,hg19,ENCFF449EZT,bed narrowPeak,optimal IDR thresholded peaks,"1, 2",ENCODE3,GLI2,HEK293
ENCSR828NCB,hg19,ENCFF456YII,bed narrowPeak,optimal IDR thresholded peaks,"1, 2",ENCODE3,GATAD2B,GM12878
ENCSR560SEP,hg19,ENCFF017BKY,bed narrowPeak,optimal IDR thresholded peaks,"1, 2",ENCODE3,RXRB,HepG2
ENCSR098YLE,hg19,ENCFF768SBV,bed narrowPeak,optimal IDR thresholded peaks,"1, 2",ENCODE3,PRDM1,HEK293
ENCSR745VSQ,hg19,ENCFF998RMR,bed narrowPeak,optimal IDR thresholded peaks,"1, 2",ENCODE3,GMEB2,HepG2
ENCSR091JXL,hg19,ENCFF676NPW,bed narrowPeak,optimal IDR thresholded peaks,"1, 2",ENCODE3,HES1,K562
ENCSR635EXI,hg19,ENCFF303PMJ,bed narrowPeak,optimal IDR thresholded peaks,"1, 3",ENCODE3,ZSCAN29,K562
ENCSR449UFF,hg19,ENCFF353QLW,bed narrowPeak,optimal IDR thresholded peaks,"3, 4",ENCODE3,ZKSCAN1,MCF-7
ENCSR029IBC,hg19,ENCFF808WQI,bed narrowPeak,optimal IDR thresholded peaks,"1, 2",ENCODE3,ARNT,HepG2
ENCSR778UBR,hg19,ENCFF027VZK,bed narrowPeak,optimal IDR thresholded peaks,"5, 6",ENCODE3,ARID3A,GM12878
ENCSR415AEB,hg19,ENCFF302MOY,bed narrowPeak,optimal IDR thresholded peaks,"1, 2",ENCODE3,ZNF48,HepG2
ENCSR263DFP,hg19,ENCFF168HAG,bed narrowPeak,optimal IDR thresholded peaks,"1, 2",ENCODE3,PBX2,K562
ENCSR468IJT,hg19,ENCFF119WLE,bed narrowPeak,optimal IDR thresholded peaks,"1, 2",ENCODE3,SP7,HEK293
ENCSR909HMT,hg19,ENCFF677ZDS,bed narrowPeak,optimal IDR thresholded peaks,"1, 2",ENCODE3,ZEB1,HEK293
ENCSR451CYX,hg19,ENCFF629SHB,bed narrowPeak,optimal IDR thresholded peaks,"1, 2",ENCODE3,ZNF280D,HEK293
ENCSR497JLX,hg19,ENCFF364KSB,bed narrowPeak,optimal IDR thresholded peaks,"1, 2",ENCODE3,TEAD1,HepG2
ENCSR669GUM,hg19,ENCFF444SHN,bed narrowPeak,optimal IDR thresholded peaks,"1, 2",ENCODE3,ZNF404,HEK293
ENCSR224QDY,hg19,ENCFF875JQT,bed narrowPeak,optimal IDR thresholded peaks,"1, 2",ENCODE3,ZNF121,HEK293
ENCSR551KAP,hg19,ENCFF254EAY,bed narrowPeak,optimal IDR thresholded peaks,"1, 2",ENCODE3,ZNF138,HEK293
ENCSR996FYT,hg19,ENCFF954HYI,bed narrowPeak,optimal IDR thresholded peaks,"1, 2",ENCODE3,ZNF202,HEK293
ENCSR938ETG,hg19,ENCFF368VEQ,bed narrowPeak,optimal IDR thresholded peaks,"1, 2",ENCODE3,KLF9,HepG2
ENCSR604UJV,hg19,ENCFF239IZV,bed narrowPeak,optimal IDR thresholded peaks,"1, 2",ENCODE3,IRF2,HepG2
ENCSR412ZDC,hg19,ENCFF763XLN,bed narrowPeak,optimal IDR thresholded peaks,"1, 2",ENCODE3,AHR,HepG2
ENCSR950ACO,hg19,ENCFF622OQC,bed narrowPeak,optimal IDR thresholded peaks,"1, 2",ENCODE3,ZNF785,HEK293
ENCSR460XGV,hg19,ENCFF027CYL,bed narrowPeak,optimal IDR thresholded peaks,"1, 2",ENCODE3,MNT,MCF-7
ENCSR389PWB,hg19,ENCFF394IKH,bed narrowPeak,optimal IDR thresholded peaks,"1, 2",ENCODE3,ZBTB5,K562
ENCSR171FUX,hg19,ENCFF144FQA,bed narrowPeak,optimal IDR thresholded peaks,"1, 2",ENCODE3,FOXK2,HepG2
ENCSR781EQJ,hg19,ENCFF921HJY,bed narrowPeak,optimal IDR thresholded peaks,"1, 2",ENCODE3,ZBTB48,HEK293
ENCSR707QWA,hg19,ENCFF712AXK,bed narrowPeak,optimal IDR thresholded peaks,"1, 2",ENCODE3,NR2F6,K562
ENCSR396SOH,hg19,ENCFF937PFR,bed narrowPeak,optimal IDR thresholded peaks,"1, 2",ENCODE3,ZNF792,HepG2
ENCSR966YYJ,hg19,ENCFF353CQJ,bed narrowPeak,optimal IDR thresholded peaks,"1, 2",ENCODE3,"COMMD3-BMI1,BMI1",MCF-7
ENCSR465VLK,hg19,ENCFF671BJT,bed narrowPeak,optimal IDR thresholded peaks,"1, 2",ENCODE3,FOXK2,MCF-7
ENCSR125DNC,hg19,ENCFF026PKV,bed narrowPeak,optimal IDR thresholded peaks,"1, 2",ENCODE3,ZNF394,HEK293
ENCSR751PNN,hg19,ENCFF057VRL,bed narrowPeak,optimal IDR thresholded peaks,"1, 2",ENCODE3,ZNF112,HEK293
ENCSR264CZJ,hg19,ENCFF671BFH,bed narrowPeak,optimal IDR thresholded peaks,"1, 2",ENCODE3,THRA,K562
ENCSR596FEL,hg19,ENCFF105IPJ,bed narrowPeak,optimal IDR thresholded peaks,"1, 2",ENCODE3,RBPJ,HepG2
ENCSR506HXN,hg19,ENCFF623ALA,bed narrowPeak,optimal IDR thresholded peaks,"1, 2",ENCODE3,TRIM22,HepG2
ENCSR038XIA,hg19,ENCFF563AEQ,bed narrowPeak,optimal IDR thresholded peaks,"1, 2",ENCODE3,ZNF444,MCF-7
ENCSR702BYX,hg19,ENCFF817RST,bed narrowPeak,optimal IDR thresholded peaks,"1, 2",ENCODE3,NFIB,MCF-7
ENCSR019WUS,hg19,ENCFF675HMV,bed narrowPeak,optimal IDR thresholded peaks,"1, 2",ENCODE3,ZNF10,HEK293
ENCSR878DES,hg19,ENCFF294NNX,bed narrowPeak,optimal IDR thresholded peaks,"1, 2",ENCODE3,ZNF624,HEK293
ENCSR487CPI,hg19,ENCFF070SCG,bed narrowPeak,optimal IDR thresholded peaks,"1, 2",ENCODE3,ZFP64,HepG2
ENCSR274LVQ,hg19,ENCFF338OGQ,bed narrowPeak,optimal IDR thresholded peaks,"1, 2",ENCODE3,ZNF776,HEK293
ENCSR212YKD,hg19,ENCFF142EVF,bed narrowPeak,optimal IDR thresholded peaks,"1, 2",ENCODE3,SKIL,GM12878
ENCSR897ZXU,hg19,ENCFF751DRF,bed narrowPeak,optimal IDR thresholded peaks,"1, 2",ENCODE3,E2F8,MCF-7
ENCSR552XSN,hg19,ENCFF881VZH,bed narrowPeak,optimal IDR thresholded peaks,"1, 2",ENCODE3,MLLT1,GM12878
ENCSR729LGA,hg19,ENCFF193MKL,bed narrowPeak,optimal IDR thresholded peaks,"1, 2",ENCODE3,SP1,MCF-7
ENCSR439WAF,hg19,ENCFF711OSR,bed narrowPeak,optimal IDR thresholded peaks,"1, 2",ENCODE3,E4F1,GM12878
ENCSR647ZXA,hg19,ENCFF257RYT,bed narrowPeak,optimal IDR thresholded peaks,"1, 2",ENCODE3,MEF2D,K562
ENCSR357QJR,hg19,ENCFF483STV,bed narrowPeak,optimal IDR thresholded peaks,"1, 2",ENCODE3,ZSCAN5A,HEK293
ENCSR924GRG,hg19,ENCFF843TJJ,bed narrowPeak,optimal IDR thresholded peaks,"1, 2",ENCODE3,ZBTB49,HEK293
ENCSR121PFY,hg19,ENCFF643TEZ,bed narrowPeak,optimal IDR thresholded peaks,"1, 2",ENCODE3,CDC5L,K562
ENCSR278JQG,hg19,ENCFF880SXP,bed narrowPeak,optimal IDR thresholded peaks,"1, 2",ENCODE3,IKZF1,HepG2
ENCSR439OCL,hg19,ENCFF932UEC,bed narrowPeak,optimal IDR thresholded peaks,"1, 2",ENCODE3,ZNF407,K562
ENCSR768VNZ,hg19,ENCFF019SJB,bed narrowPeak,optimal IDR thresholded peaks,"2, 3",ENCODE3,ZSCAN30,HEK293
ENCSR283DOU,hg19,ENCFF959WAA,bed narrowPeak,optimal IDR thresholded peaks,"2, 3",ENCODE3,ZNF660,HEK293
ENCSR185FOY,hg19,ENCFF901JLS,bed narrowPeak,optimal IDR thresholded peaks,"1, 2",ENCODE3,ZNF341,HEK293
ENCSR228PGT,hg19,ENCFF559OMC,bed narrowPeak,optimal IDR thresholded peaks,"1, 2",ENCODE3,ZNF292,HEK293
ENCSR138RCE,hg19,ENCFF580LHX,bed narrowPeak,optimal IDR thresholded peaks,"1, 2",ENCODE3,ZNF132,HEK293
ENCSR571BUF,hg19,ENCFF010MMQ,bed narrowPeak,optimal IDR thresholded peaks,"1, 2",ENCODE3,ARHGAP35,K562
ENCSR727PIC,hg19,ENCFF827BDM,bed narrowPeak,optimal IDR thresholded peaks,"1, 2",ENCODE3,ZNF34,HEK293
ENCSR966ULI,hg19,ENCFF338QWU,bed narrowPeak,optimal IDR thresholded peaks,"1, 2",ENCODE3,PATZ1,HEK293
ENCSR925QAW,hg19,ENCFF010AHT,bed narrowPeak,optimal IDR thresholded peaks,"1, 2",ENCODE3,HMG20B,HepG2
ENCSR662EOU,hg19,ENCFF622VPB,bed narrowPeak,optimal IDR thresholded peaks,"1, 2",ENCODE3,NR2F1,HepG2
ENCSR072GJV,hg19,ENCFF298ZJA,bed narrowPeak,optimal IDR thresholded peaks,"1, 2",ENCODE3,HMG20A,HepG2
ENCSR841YWU,hg19,ENCFF795QZU,bed narrowPeak,optimal IDR thresholded peaks,"1, 2",ENCODE3,E4F1,MCF-7
ENCSR993LMB,hg19,ENCFF037KBA,bed narrowPeak,optimal IDR thresholded peaks,"1, 2",ENCODE3,TGIF2,HepG2
ENCSR711XNY,hg19,ENCFF020GMZ,bed narrowPeak,optimal IDR thresholded peaks,"1, 2",ENCODE3,PKNOX1,GM12878
ENCSR555DCF,hg19,ENCFF922QEI,bed narrowPeak,optimal IDR thresholded peaks,"1, 2",ENCODE3,ZNF512B,MCF-7
ENCSR170DNV,hg19,ENCFF449ITJ,bed narrowPeak,optimal IDR thresholded peaks,"1, 2",ENCODE3,PHB2,HepG2
ENCSR497IAS,hg19,ENCFF667AEK,bed narrowPeak,optimal IDR thresholded peaks,"1, 2",ENCODE3,ZNF747,HEK293
ENCSR185QFX,hg19,ENCFF663VDP,bed narrowPeak,optimal IDR thresholded peaks,"2, 3",ENCODE3,ZNF549,HEK293
ENCSR822CCM,hg19,ENCFF225MPC,bed narrowPeak,optimal IDR thresholded peaks,"1, 2",ENCODE3,ARID1B,K562
ENCSR639IIZ,hg19,ENCFF215BXZ,bed narrowPeak,optimal IDR thresholded peaks,"1, 2",ENCODE3,CEBPG,HepG2
ENCSR636MKU,hg19,ENCFF012JXJ,bed narrowPeak,optimal IDR thresholded peaks,"3, 4",ENCODE3,BACH1,GM12878
ENCSR619OUC,hg19,ENCFF753PSY,bed narrowPeak,optimal IDR thresholded peaks,"1, 2",ENCODE3,ZBTB6,HEK293
ENCSR532EMP,hg19,ENCFF545RHH,bed narrowPeak,optimal IDR thresholded peaks,"1, 2",ENCODE3,ZNF740,K562
ENCSR344SBD,hg19,ENCFF538OEZ,bed narrowPeak,optimal IDR thresholded peaks,"2, 3",ENCODE3,ZNF596,HEK293
ENCSR141PZA,hg19,ENCFF732SYV,bed narrowPeak,optimal IDR thresholded peaks,"1, 2",ENCODE3,SP3,HEK293
ENCSR238QRG,hg19,ENCFF574YMJ,bed narrowPeak,optimal IDR thresholded peaks,"1, 2",ENCODE3,TBX3,HepG2
ENCSR710WLO,hg19,ENCFF670ZCR,bed narrowPeak,optimal IDR thresholded peaks,"1, 2",ENCODE3,MGA,K562
ENCSR765MKZ,hg19,ENCFF482JUM,bed narrowPeak,optimal IDR thresholded peaks,"1, 2",ENCODE3,DRAP1,HepG2
ENCSR859RAO,hg19,ENCFF443TBN,bed narrowPeak,optimal IDR thresholded peaks,"1, 2",ENCODE3,YY1,HEK293
ENCSR796ITY,hg19,ENCFF370ENX,bed narrowPeak,optimal IDR thresholded peaks,"1, 2",ENCODE3,NFIC,K562
ENCSR163RYW,hg19,ENCFF699WXF,bed narrowPeak,optimal IDR thresholded peaks,"1, 2",ENCODE3,ZNF189,HEK293
ENCSR764CZW,hg19,ENCFF513RIQ,bed narrowPeak,optimal IDR thresholded peaks,"1, 2",ENCODE3,ZNF217,GM12878
ENCSR849DFF,hg19,ENCFF667PAI,bed narrowPeak,optimal IDR thresholded peaks,"1, 2",ENCODE3,PBX2,HepG2
ENCSR718SDE,hg19,ENCFF209HKW,bed narrowPeak,optimal IDR thresholded peaks,"2, 3",ENCODE3,RLF,K562
ENCSR237VLT,hg19,ENCFF417LEJ,bed narrowPeak,optimal IDR thresholded peaks,"1, 2",ENCODE3,ZBTB40,K562
ENCSR242BGR,hg19,ENCFF339GWX,bed narrowPeak,optimal IDR thresholded peaks,"1, 2",ENCODE3,ZNF770,HEK293
ENCSR586BRJ,hg19,ENCFF078VMK,bed narrowPeak,optimal IDR thresholded peaks,"1, 2",ENCODE3,ZNF433,HEK293
ENCSR283MWQ,hg19,ENCFF313ZNM,bed narrowPeak,optimal IDR thresholded peaks,"1, 2",ENCODE3,ZNF133,HEK293
ENCSR728MWW,hg19,ENCFF890VXS,bed narrowPeak,optimal IDR thresholded peaks,"1, 2",ENCODE3,ZIC2,HEK293
ENCSR792MZV,hg19,ENCFF804RUY,bed narrowPeak,optimal IDR thresholded peaks,"1, 2",ENCODE3,MYRF,HepG2
ENCSR663WAR,hg19,ENCFF885KLR,bed narrowPeak,optimal IDR thresholded peaks,"1, 2",ENCODE3,REST,H1
ENCSR279KDC,hg19,ENCFF948GYC,bed narrowPeak,optimal IDR thresholded peaks,"2, 3",ENCODE3,ZNF677,HEK293
ENCSR988LZG,hg19,ENCFF721YGQ,bed narrowPeak,optimal IDR thresholded peaks,"1, 2",ENCODE3,ARID4B,HepG2
ENCSR004PLU,hg19,ENCFF675RNJ,bed narrowPeak,optimal IDR thresholded peaks,"1, 2",ENCODE3,ZBTB10,HEK293
ENCSR691TXI,hg19,ENCFF387YMM,bed narrowPeak,optimal IDR thresholded peaks,"1, 2",ENCODE3,ZNF610,HEK293
ENCSR211GNP,hg19,ENCFF134HPR,bed narrowPeak,optimal IDR thresholded peaks,"1, 2",ENCODE3,ZSCAN4,HEK293
ENCSR676ZEF,hg19,ENCFF612GGC,bed narrowPeak,optimal IDR thresholded peaks,"1, 2",ENCODE3,ZNF398,HEK293
ENCSR784VUY,hg19,ENCFF193YAN,bed narrowPeak,optimal IDR thresholded peaks,"1, 2",ENCODE3,RNF2,H1
ENCSR501NSC,hg19,ENCFF957YKG,bed narrowPeak,optimal IDR thresholded peaks,"1, 2",ENCODE3,ZSCAN26,HEK293
ENCSR567XAM,hg19,ENCFF641HNH,bed narrowPeak,optimal IDR thresholded peaks,"1, 2",ENCODE3,ZNF473,HEK293
ENCSR130VQL,hg19,ENCFF322FWU,bed narrowPeak,optimal IDR thresholded peaks,"1, 2",ENCODE3,PPARG,HepG2
ENCSR251OVJ,hg19,ENCFF134XDY,bed narrowPeak,optimal IDR thresholded peaks,"1, 2",ENCODE3,SMAD5,GM12878
ENCSR674SCQ,hg19,ENCFF744SVC,bed narrowPeak,optimal IDR thresholded peaks,"1, 2",ENCODE3,ZNF354B,K562
ENCSR504VDV,hg19,ENCFF177CIX,bed narrowPeak,optimal IDR thresholded peaks,"1, 2",ENCODE3,ZNF654,HEK293
ENCSR249BHQ,hg19,ENCFF273TYA,bed narrowPeak,optimal IDR thresholded peaks,"1, 2",ENCODE3,ZNF592,K562
ENCSR673SGK,hg19,ENCFF433BDE,bed narrowPeak,optimal IDR thresholded peaks,"1, 2",ENCODE3,BCL6B,HEK293
ENCSR184SVO,hg19,ENCFF153JOG,bed narrowPeak,optimal IDR thresholded peaks,"1, 2",ENCODE3,ZBTB26,HepG2
ENCSR338SEM,hg19,ENCFF558QMJ,bed narrowPeak,optimal IDR thresholded peaks,"1, 2",ENCODE3,ZNF248,HEK293
ENCSR787RVK,hg19,ENCFF036YVI,bed narrowPeak,optimal IDR thresholded peaks,"1, 2",ENCODE3,TSC22D4,K562
ENCSR704IGU,hg19,ENCFF061HCE,bed narrowPeak,optimal IDR thresholded peaks,"1, 2",ENCODE3,ZGPAT,HepG2
ENCSR772EEN,hg19,ENCFF580QGA,bed narrowPeak,optimal IDR thresholded peaks,"1, 2",ENCODE3,RELA,K562
ENCSR648INT,hg19,ENCFF176NOI,bed narrowPeak,optimal IDR thresholded peaks,"1, 2",ENCODE3,ILK,K562
ENCSR562POI,hg19,ENCFF072OVJ,bed narrowPeak,optimal IDR thresholded peaks,"1, 2",ENCODE3,THAP11,HepG2
ENCSR502GAX,hg19,ENCFF115RUG,bed narrowPeak,optimal IDR thresholded peaks,"1, 2",ENCODE3,ZNF652,HepG2
ENCSR808FFI,hg19,ENCFF154KGC,bed narrowPeak,optimal IDR thresholded peaks,"1, 2",ENCODE3,ZKSCAN8,HepG2
ENCSR961WLZ,hg19,ENCFF095KWQ,bed narrowPeak,optimal IDR thresholded peaks,"1, 2",ENCODE3,SOX5,HepG2
ENCSR550HCT,hg19,ENCFF717TWA,bed narrowPeak,optimal IDR thresholded peaks,"1, 2",ENCODE3,KLF1,K562
ENCSR858FAN,hg19,ENCFF173WPK,bed narrowPeak,optimal IDR thresholded peaks,"1, 2",ENCODE3,ZNF621,HEK293
ENCSR768HOH,hg19,ENCFF834YMY,bed narrowPeak,optimal IDR thresholded peaks,"1, 2",ENCODE3,ZNF324,HEK293
ENCSR827NWO,hg19,ENCFF070GBJ,bed narrowPeak,optimal IDR thresholded peaks,"1, 2",ENCODE3,FEZF1,HEK293
ENCSR661AXW,hg19,ENCFF520EUT,bed narrowPeak,optimal IDR thresholded peaks,"1, 2",ENCODE3,ZNF169,HEK293
ENCSR635NOQ,hg19,ENCFF057UHI,bed narrowPeak,optimal IDR thresholded peaks,"1, 2",ENCODE3,KLF8,HEK293
ENCSR731AGO,hg19,ENCFF461SHI,bed narrowPeak,optimal IDR thresholded peaks,"1, 2",ENCODE3,ZSCAN5C,HEK293
ENCSR538RDA,hg19,ENCFF327OLE,bed narrowPeak,optimal IDR thresholded peaks,"2, 3",ENCODE3,ZNF560,HEK293
ENCSR800QIT,hg19,ENCFF227PWE,bed narrowPeak,optimal IDR thresholded peaks,"1, 2",ENCODE3,HNF1A,HepG2
ENCSR705ASR,hg19,ENCFF491HFW,bed narrowPeak,optimal IDR thresholded peaks,"1, 2",ENCODE3,ZSCAN23,HEK293
ENCSR589SNT,hg19,ENCFF765HCW,bed narrowPeak,optimal IDR thresholded peaks,"1, 2",ENCODE3,TFE3,HepG2
ENCSR928KOR,hg19,ENCFF126BCK,bed narrowPeak,optimal IDR thresholded peaks,"1, 2",ENCODE3,GMEB1,K562
ENCSR363XBR,hg19,ENCFF010JWV,bed narrowPeak,optimal IDR thresholded peaks,"1, 2",ENCODE3,ZNF488,HEK293
ENCSR006GAQ,hg19,ENCFF724KWC,bed narrowPeak,optimal IDR thresholded peaks,"2, 3",ENCODE3,KLF10,HEK293
ENCSR707BNG,hg19,ENCFF045LTC,bed narrowPeak,optimal IDR thresholded peaks,"1, 2",ENCODE3,MYNN,HEK293
ENCSR596IKD,hg19,ENCFF772HOY,bed narrowPeak,optimal IDR thresholded peaks,"1, 2",ENCODE3,ETS2,K562
ENCSR559IOZ,hg19,ENCFF030UCM,bed narrowPeak,optimal IDR thresholded peaks,"1, 2",ENCODE3,ZXDB,HEK293
ENCSR759BDG,hg19,ENCFF396GKZ,bed narrowPeak,optimal IDR thresholded peaks,"1, 2",ENCODE3,BCL6,HepG2
ENCSR230PTV,hg19,ENCFF561USY,bed narrowPeak,optimal IDR thresholded peaks,"1, 2",ENCODE3,ZBTB2,K562
ENCSR769JRS,hg19,ENCFF942VHF,bed narrowPeak,optimal IDR thresholded peaks,"1, 2",ENCODE3,AEBP2,HEK293
ENCSR017QBI,hg19,ENCFF775EAL,bed narrowPeak,optimal IDR thresholded peaks,"1, 2",ENCODE3,ZNF600,HEK293
ENCSR822AHX,hg19,ENCFF653MIQ,bed narrowPeak,optimal IDR thresholded peaks,"1, 2",ENCODE3,IKZF2,GM12878
ENCSR859BMR,hg19,ENCFF620ZDF,bed narrowPeak,optimal IDR thresholded peaks,"1, 2",ENCODE3,KLF1,HEK293
ENCSR418MKG,hg19,ENCFF234YTK,bed narrowPeak,optimal IDR thresholded peaks,"1, 2",ENCODE3,ZNF692,HEK293
ENCSR503VTG,hg19,ENCFF961BQJ,bed narrowPeak,optimal IDR thresholded peaks,"1, 2",ENCODE3,ZNF24,MCF-7
ENCSR290SSQ,hg19,ENCFF834ZRT,bed narrowPeak,optimal IDR thresholded peaks,"1, 2",ENCODE3,MAZ,HEK293
ENCSR899BKM,hg19,ENCFF955YVT,bed narrowPeak,optimal IDR thresholded peaks,"1, 2",ENCODE3,ZNF687,MCF-7
ENCSR466VYP,hg19,ENCFF044IYC,bed narrowPeak,optimal IDR thresholded peaks,"1, 2",ENCODE3,ZNF266,HEK293
ENCSR167XFW,hg19,ENCFF333PHT,bed narrowPeak,optimal IDR thresholded peaks,"1, 2",ENCODE3,ZNF544,HEK293
ENCSR635GTR,hg19,ENCFF619BDC,bed narrowPeak,optimal IDR thresholded peaks,"1, 2",ENCODE3,TEAD2,K562
ENCSR860UHK,hg19,ENCFF788LSH,bed narrowPeak,optimal IDR thresholded peaks,"1, 2",ENCODE3,CBFB,GM12878
ENCSR233MWH,hg19,ENCFF981API,bed narrowPeak,optimal IDR thresholded peaks,"2, 3",ENCODE3,ZNF670,HEK293
ENCSR909TSW,hg19,ENCFF005XPI,bed narrowPeak,optimal IDR thresholded peaks,"1, 2",ENCODE3,ZNF547,HEK293
ENCSR841NDX,hg19,ENCFF807AKG,bed narrowPeak,optimal IDR thresholded peaks,"1, 2",ENCODE3,ELF1,GM12878
ENCSR993DED,hg19,ENCFF084DFH,bed narrowPeak,optimal IDR thresholded peaks,"1, 2",ENCODE3,ZNF214,HEK293
ENCSR173ZVL,hg19,ENCFF566YUW,bed narrowPeak,optimal IDR thresholded peaks,"1, 2",ENCODE3,ZNF592,GM12878
ENCSR664AOA,hg19,ENCFF682WUJ,bed narrowPeak,optimal IDR thresholded peaks,"1, 2",ENCODE3,TRIM25,K562
ENCSR258SXK,hg19,ENCFF922FRH,bed narrowPeak,optimal IDR thresholded peaks,"1, 2",ENCODE3,SFPQ,HepG2
ENCSR502NRF,hg19,ENCFF386TTQ,bed narrowPeak,optimal IDR thresholded peaks,"1, 2",ENCODE3,ELF1,MCF-7
ENCSR096IIB,hg19,ENCFF864YJE,bed narrowPeak,optimal IDR thresholded peaks,"1, 2",ENCODE3,ETV5,HepG2
ENCSR412YGM,hg19,ENCFF455HXN,bed narrowPeak,optimal IDR thresholded peaks,"1, 2",ENCODE3,ZSCAN29,GM12878
ENCSR343IFJ,hg19,ENCFF874QUM,bed narrowPeak,optimal IDR thresholded peaks,"1, 2",ENCODE3,CC2D1A,K562
ENCSR514VYD,hg19,ENCFF810CEL,bed narrowPeak,optimal IDR thresholded peaks,"1, 2",ENCODE3,NR2F1,GM12878
ENCSR784VIQ,hg19,ENCFF381SBC,bed narrowPeak,optimal IDR thresholded peaks,"1, 2",ENCODE3,NR2C1,GM12878
ENCSR732PJX,hg19,ENCFF317VBQ,bed narrowPeak,optimal IDR thresholded peaks,"1, 2",ENCODE3,NKRF,GM12878
ENCSR120MPG,hg19,ENCFF294HEI,bed narrowPeak,optimal IDR thresholded peaks,"1, 2",ENCODE3,PRDM10,K562
ENCSR000BTR,hg19,ENCFF532YDL,bed narrowPeak,optimal IDR thresholded peaks,"1, 2",ENCODE3,EP300,MCF-7
ENCSR000BKQ,hg19,ENCFF076YZO,bed narrowPeak,optimal IDR thresholded peaks,"1, 2",ENCODE3,ETS1,K562
ENCSR000BHD,hg19,ENCFF339KUO,bed narrowPeak,optimal IDR thresholded peaks,"1, 2",ENCODE3,PAX5,GM12878
ENCSR000BNP,hg19,ENCFF967ACD,bed narrowPeak,optimal IDR thresholded peaks,"1, 2",ENCODE3,YY1,GM12878
ENCSR485OYR,hg19,ENCFF362WUO,bed narrowPeak,optimal IDR thresholded peaks,"1, 2",ENCODE3,ZBTB25,HepG2
ENCSR712FAM,hg19,ENCFF579BTD,bed narrowPeak,optimal IDR thresholded peaks,"1, 2",ENCODE3,ZSCAN9,HepG2
ENCSR201GGK,hg19,ENCFF833TMD,bed narrowPeak,optimal IDR thresholded peaks,"1, 2",ENCODE3,NFIL3,HepG2
ENCSR813DCK,hg19,ENCFF632MBO,bed narrowPeak,optimal IDR thresholded peaks,"1, 2",ENCODE3,SMAD1,GM12878
ENCSR000EDS,hg19,ENCFF922GRD,bed narrowPeak,optimal IDR thresholded peaks,"1, 2",ENCODE3,MAX,HepG2
ENCSR000EGC,hg19,ENCFF484CKD,bed narrowPeak,optimal IDR thresholded peaks,"1, 2",ENCODE3,RCOR1,K562
ENCSR000BKK,hg19,ENCFF843SYD,bed narrowPeak,optimal IDR thresholded peaks,"1, 2",ENCODE3,EP300,H1
ENCSR000BHS,hg19,ENCFF793BVO,bed narrowPeak,optimal IDR thresholded peaks,"1, 2",ENCODE3,GABPA,HeLa-S3
ENCSR000DYC,hg19,ENCFF502JKO,bed narrowPeak,optimal IDR thresholded peaks,"1, 2",ENCODE3,MYC,A549
ENCSR000DYP,hg19,ENCFF371OGO,bed narrowPeak,optimal IDR thresholded peaks,"1, 2",ENCODE3,ZNF384,GM12878
ENCSR000BGI,hg19,ENCFF805GKD,bed narrowPeak,optimal IDR thresholded peaks,"1, 2",ENCODE3,USF1,GM12878
ENCSR000DYR,hg19,ENCFF721SDD,bed narrowPeak,optimal IDR thresholded peaks,"1, 2",ENCODE3,CUX1,GM12878
ENCSR000BIV,hg19,ENCFF725LDD,bed narrowPeak,optimal IDR thresholded peaks,"1, 2",ENCODE3,SRF,H1
ENCSR000BLO,hg19,ENCFF833FCO,bed narrowPeak,optimal IDR thresholded peaks,"1, 2",ENCODE3,GABPA,K562
ENCSR924TVL,hg19,ENCFF949QZO,bed narrowPeak,optimal IDR thresholded peaks,"1, 2",ENCODE3,RFX5,MCF-7
ENCSR000EHG,hg19,ENCFF150VTD,bed narrowPeak,optimal IDR thresholded peaks,"1, 2",ENCODE3,USF2,K562
ENCSR000ECJ,hg19,ENCFF002CTO,bed narrowPeak,optimal IDR thresholded peaks,,Lab,ZKSCAN1,HeLa-S3
ENCSR000EDF,hg19,ENCFF002CSO,bed narrowPeak,optimal IDR thresholded peaks,,Lab,IRF3,HeLa-S3
ENCSR000EDG,hg19,ENCFF002CSD,bed narrowPeak,optimal IDR thresholded peaks,,Lab,JUN,HeLa-S3
ENCSR000BRR,hg19,ENCFF696KPD,bed narrowPeak,optimal IDR thresholded peaks,"1, 2",ENCODE3,STAT5A,K562
ENCSR737LTZ,hg19,ENCFF583DZD,bed narrowPeak,optimal IDR thresholded peaks,"1, 2",ENCODE3,MYNN,K562
ENCSR588MQZ,hg19,ENCFF752ZRD,bed narrowPeak,optimal IDR thresholded peaks,"2, 3",ENCODE3,ZNF626,HEK293
ENCSR776LDJ,hg19,ENCFF605RAD,bed narrowPeak,optimal IDR thresholded peaks,"1, 2",ENCODE3,CBLL2,HEK293
ENCSR103GAK,hg19,ENCFF637SBD,bed narrowPeak,optimal IDR thresholded peaks,"1, 2",ENCODE3,ZNF175,HEK293
ENCSR076EZB,hg19,ENCFF904HOD,bed narrowPeak,optimal IDR thresholded peaks,"1, 2",ENCODE3,KLF9,HEK293
ENCSR140DSL,hg19,ENCFF411BAO,bed narrowPeak,optimal IDR thresholded peaks,"2, 3",ENCODE3,MAFF,HeLa-S3
ENCSR283ZNI,hg19,ENCFF589EVD,bed narrowPeak,optimal IDR thresholded peaks,"1, 2",ENCODE3,ZBTB8A,K562
ENCSR797SWM,hg19,ENCFF497XOD,bed narrowPeak,optimal IDR thresholded peaks,"3, 4",ENCODE3,MITF,K562
ENCSR455DOO,hg19,ENCFF659XDO,bed narrowPeak,optimal IDR thresholded peaks,"1, 2",ENCODE3,RCOR2,HepG2
ENCSR387SYS,hg19,ENCFF786WZD,bed narrowPeak,optimal IDR thresholded peaks,"1, 2",ENCODE3,DEAF1,K562
ENCSR417VWF,hg19,ENCFF232UWD,bed narrowPeak,optimal IDR thresholded peaks,"1, 2",ENCODE3,ZEB2,HEK293
ENCSR382GSF,hg19,ENCFF201GAD,bed narrowPeak,optimal IDR thresholded peaks,"1, 2",ENCODE3,INSM2,HEK293
ENCSR767XSF,hg19,ENCFF308CQD,bed narrowPeak,optimal IDR thresholded peaks,"1, 2",ENCODE3,ZNF555,HEK293
ENCSR714LYA,hg19,ENCFF977PXD,bed narrowPeak,optimal IDR thresholded peaks,"1, 2",ENCODE3,PRDM2,HEK293
ENCSR632SIM,hg19,ENCFF170OWD,bed narrowPeak,optimal IDR thresholded peaks,"1, 2",ENCODE3,ZFHX2,HEK293
ENCSR715QNO,hg19,ENCFF107VFO,bed narrowPeak,optimal IDR thresholded peaks,"1, 2",ENCODE3,ZNF362,HEK293
ENCSR752NDX,hg19,ENCFF266KSD,bed narrowPeak,optimal IDR thresholded peaks,"1, 2",ENCODE3,ZNF282,HepG2
ENCSR462KYU,hg19,ENCFF476ZWO,bed narrowPeak,optimal IDR thresholded peaks,"1, 2",ENCODE3,GABPB1,HepG2
ENCSR892DRK,hg19,ENCFF188XRD,bed narrowPeak,optimal IDR thresholded peaks,"1, 2",ENCODE3,REST,A549
ENCSR229DYF,hg19,ENCFF462ZZD,bed narrowPeak,optimal IDR thresholded peaks,"1, 2",ENCODE3,ZBTB26,HEK293
ENCSR331BDJ,hg19,ENCFF906PGD,bed narrowPeak,optimal IDR thresholded peaks,"1, 2",ENCODE3,NKRF,K562
ENCSR864KNH,hg19,ENCFF129AXO,bed narrowPeak,optimal IDR thresholded peaks,"1, 2",ENCODE3,YBX1,MCF-7
ENCSR909GJR,hg19,ENCFF202AQO,bed narrowPeak,optimal IDR thresholded peaks,"1, 2",ENCODE3,MXD3,HepG2
ENCSR950NAZ,hg19,ENCFF308BSD,bed narrowPeak,optimal IDR thresholded peaks,"3, 4",ENCODE3,LCORL,HepG2
ENCSR490LWA,hg19,ENCFF272ULO,bed narrowPeak,optimal IDR thresholded peaks,"1, 2",ENCODE3,CEBPG,K562
ENCSR019NPF,hg19,ENCFF444QQD,bed narrowPeak,optimal IDR thresholded peaks,"1, 2",ENCODE3,SP5,HepG2
ENCSR096LSN,hg19,ENCFF341FTO,bed narrowPeak,optimal IDR thresholded peaks,"1, 2",ENCODE3,ZNF311,HEK293
ENCSR746XEG,hg19,ENCFF166FRO,bed narrowPeak,optimal IDR thresholded peaks,"1, 2",ENCODE3,NFXL1,GM12878
ENCSR142IGM,hg19,ENCFF775MPD,bed narrowPeak,optimal IDR thresholded peaks,"1, 2",ENCODE3,CEBPA,HepG2
ENCSR547LKC,hg19,ENCFF549KOD,bed narrowPeak,optimal IDR thresholded peaks,"1, 2",ENCODE3,GATAD2B,K562
ENCSR503DPC,hg19,ENCFF279KVD,bed narrowPeak,optimal IDR thresholded peaks,"2, 3",ENCODE3,ZNF513,HEK293
ENCSR564YYW,hg19,ENCFF561OIO,bed narrowPeak,optimal IDR thresholded peaks,"1, 2",ENCODE3,ZNF157,HEK293
ENCSR859FDL,hg19,ENCFF643OWO,bed narrowPeak,optimal IDR thresholded peaks,"1, 2",ENCODE3,ZNF687,GM12878
ENCSR231ENE,hg19,ENCFF884RAO,bed narrowPeak,optimal IDR thresholded peaks,"1, 2",ENCODE3,ARID3A,MCF-7
